,essay,token,lemma,sentence,index,start,pos,sentiment,paragraph,docPosition,sentPosition,isPunc,followsPunc,precedesPunc,followsLCA,precedesLCA,followsLCAPath,precedesLCAPath,head,uppermost,uppermost_child,right_sibling,right_sibling_head,probability,IOB
0,../data/ArgumentAnnotatedEssays-2.0 2/data/brat-project-final/essay001.txt,It,it,0,1,55,PRP,Neutral,0,Introduction,First,False,False,False,S,,0.16666666666666666,-1.0,said-4,NP,PRP,PRP,said,0.5,O
1,../data/ArgumentAnnotatedEssays-2.0 2/data/brat-project-final/essay001.txt,is,be,0,2,58,VBZ,Neutral,0,Introduction,Middle,False,False,False,VP,S,0.25,0.16666666666666666,said-4,VBZ,is,is,said,0.013305312577301626,O
2,../data/ArgumentAnnotatedEssays-2.0 2/data/brat-project-final/essay001.txt,always,always,0,3,61,RB,Neutral,0,Introduction,Middle,False,False,False,VP,VP,0.25,0.25,said-4,ADVP,RB,RB,promote,0.013305312577301626,O
3,../data/ArgumentAnnotatedEssays-2.0 2/data/brat-project-final/essay001.txt,said,say,0,4,68,VBN,Neutral,0,Introduction,Middle,False,False,False,VP,VP,0.3333333333333333,0.25,said-4,ROOT,S,S,said,0.013305312577301626,O
4,../data/ArgumentAnnotatedEssays-2.0 2/data/brat-project-final/essay001.txt,that,that,0,5,73,IN,Neutral,0,Introduction,Middle,False,False,False,SBAR,VP,0.4166666666666667,0.3333333333333333,promote-9,IN,that,that,promote,0.013305312577301626,O
5,../data/ArgumentAnnotatedEssays-2.0 2/data/brat-project-final/essay001.txt,competition,competition,0,6,78,NN,Neutral,0,Introduction,Middle,False,False,False,S,SBAR,0.5,0.4166666666666667,promote-9,NP,NN,NN,development,0.013305312577301626,O
6,../data/ArgumentAnnotatedEssays-2.0 2/data/brat-project-final/essay001.txt,can,can,0,7,90,MD,Neutral,0,Introduction,Middle,False,False,False,VP,S,0.5833333333333334,0.5,promote-9,MD,can,can,promote,0.013305312577301626,O
7,../data/ArgumentAnnotatedEssays-2.0 2/data/brat-project-final/essay001.txt,effectively,effectively,0,8,94,RB,Neutral,0,Introduction,Middle,False,False,False,VP,VP,0.5833333333333334,0.5833333333333334,promote-9,ADVP,RB,RB,promote,0.013305312577301626,O
8,../data/ArgumentAnnotatedEssays-2.0 2/data/brat-project-final/essay001.txt,promote,promote,0,9,106,VB,Neutral,0,Introduction,Middle,False,False,False,VP,VP,0.6666666666666666,0.5833333333333334,said-4,SBAR,IN,S,said,0.013305312577301626,O
9,../data/ArgumentAnnotatedEssays-2.0 2/data/brat-project-final/essay001.txt,the,the,0,10,114,DT,Neutral,0,Introduction,Middle,False,False,False,NP,VP,0.8333333333333334,0.6666666666666666,development-11,DT,the,the,development,0.013305312577301626,O
10,../data/ArgumentAnnotatedEssays-2.0 2/data/brat-project-final/essay001.txt,development,development,0,11,118,NN,Neutral,0,Introduction,Middle,False,False,False,NP,NP,0.75,0.8333333333333334,promote-9,NP,NP,PP,development,0.013305312577301626,O
11,../data/ArgumentAnnotatedEssays-2.0 2/data/brat-project-final/essay001.txt,of,of,0,12,130,IN,Neutral,0,Introduction,Middle,False,False,False,PP,NP,0.8333333333333334,0.75,economy-13,IN,of,of,economy,0.013305312577301626,O
12,../data/ArgumentAnnotatedEssays-2.0 2/data/brat-project-final/essay001.txt,economy,economy,0,13,133,NN,Neutral,0,Introduction,Middle,False,False,True,S,PP,0.16666666666666666,0.8333333333333334,development-11,PP,IN,NP,development,0.013305312577301626,O
13,../data/ArgumentAnnotatedEssays-2.0 2/data/brat-project-final/essay001.txt,.,.,0,14,140,.,Neutral,0,Introduction,Last,True,False,False,,S,-1.0,0.16666666666666666,said-4,.,.,.,said,0.013305312577301626,O
14,../data/ArgumentAnnotatedEssays-2.0 2/data/brat-project-final/essay001.txt,In,in,1,1,142,IN,Neutral,0,Introduction,First,False,True,False,PP,,0.3,-1.0,order-2,IN,In,In,order,0.013305312577301626,O
15,../data/ArgumentAnnotatedEssays-2.0 2/data/brat-project-final/essay001.txt,order,order,1,2,145,NN,Neutral,0,Introduction,Middle,False,False,False,NP,PP,0.4,0.3,continue-10,PP,IN,NP,prospers,0.013305312577301626,O
16,../data/ArgumentAnnotatedEssays-2.0 2/data/brat-project-final/essay001.txt,to,to,1,3,151,TO,Neutral,0,Introduction,Middle,False,False,False,VP,NP,0.6,0.4,survive-4,TO,to,to,improve,0.013305312577301626,O
17,../data/ArgumentAnnotatedEssays-2.0 2/data/brat-project-final/essay001.txt,survive,survive,1,4,154,VB,Neutral,0,Introduction,Middle,False,False,False,VP,VP,0.7,0.6,order-2,S,VP,VP,continue,0.013305312577301626,O
18,../data/ArgumentAnnotatedEssays-2.0 2/data/brat-project-final/essay001.txt,in,in,1,5,162,IN,Neutral,0,Introduction,Middle,False,False,False,PP,VP,0.8,0.7,competition-7,IN,in,in,competition,0.013305312577301626,O
19,../data/ArgumentAnnotatedEssays-2.0 2/data/brat-project-final/essay001.txt,the,the,1,6,165,DT,Neutral,0,Introduction,Middle,False,False,False,NP,PP,0.9,0.8,competition-7,DT,the,the,society,0.013305312577301626,O
20,../data/ArgumentAnnotatedEssays-2.0 2/data/brat-project-final/essay001.txt,competition,competition,1,7,169,NN,Neutral,0,Introduction,Middle,False,False,True,S,NP,0.2,0.9,survive-4,PP,IN,NP,prospers,0.013305312577301626,O
21,../data/ArgumentAnnotatedEssays-2.0 2/data/brat-project-final/essay001.txt,",",",",1,8,180,",",Neutral,0,Introduction,Middle,True,False,False,S,S,0.2,0.2,continue-10,",",",",",",prospers,0.013305312577301626,O
22,../data/ArgumentAnnotatedEssays-2.0 2/data/brat-project-final/essay001.txt,companies,company,1,9,182,NNS,Neutral,0,Introduction,Middle,False,True,False,S,S,0.3,0.2,continue-10,NP,NNS,NNS,improve,0.013305312577301626,O
23,../data/ArgumentAnnotatedEssays-2.0 2/data/brat-project-final/essay001.txt,continue,continue,1,10,192,VBP,Neutral,0,Introduction,Middle,False,False,False,S,S,0.2,0.3,continue-10,ROOT,S,S,continue,0.013305312577301626,O
24,../data/ArgumentAnnotatedEssays-2.0 2/data/brat-project-final/essay001.txt,to,to,1,11,201,TO,Neutral,0,Introduction,Middle,False,False,False,S,S,0.2,0.2,improve-12,PP,IN,NP,prospers,0.013305312577301626,O
25,../data/ArgumentAnnotatedEssays-2.0 2/data/brat-project-final/essay001.txt,improve,improve,1,12,204,VB,Neutral,0,Introduction,Middle,False,False,False,VP,S,0.7,0.2,continue-10,S,VP,VP,continue,0.013305312577301626,O
26,../data/ArgumentAnnotatedEssays-2.0 2/data/brat-project-final/essay001.txt,their,they,1,13,212,PRP$,Neutral,0,Introduction,Middle,False,False,False,NP,VP,0.8,0.7,products-14,PRP$,their,their,products,0.013305312577301626,O
27,../data/ArgumentAnnotatedEssays-2.0 2/data/brat-project-final/essay001.txt,products,product,1,14,218,NNS,Neutral,0,Introduction,Middle,False,False,False,NP,NP,0.8,0.8,improve-12,NP,PRP$,NN,prospers,0.013305312577301626,O
28,../data/ArgumentAnnotatedEssays-2.0 2/data/brat-project-final/essay001.txt,and,and,1,15,227,CC,Neutral,0,Introduction,Middle,False,False,False,NP,NP,0.8,0.8,service-16,CC,and,and,prospers,0.013305312577301626,O
29,../data/ArgumentAnnotatedEssays-2.0 2/data/brat-project-final/essay001.txt,service,service,1,16,231,NN,Neutral,0,Introduction,Middle,False,False,True,S,NP,0.2,0.8,products-14,NN,service,service,products,0.013305312577301626,O
30,../data/ArgumentAnnotatedEssays-2.0 2/data/brat-project-final/essay001.txt,",",",",1,17,238,",",Neutral,0,Introduction,Middle,True,False,False,S,S,0.2,0.2,continue-10,",",",",",",prospers,0.013305312577301626,O
31,../data/ArgumentAnnotatedEssays-2.0 2/data/brat-project-final/essay001.txt,and,and,1,18,240,CC,Neutral,0,Introduction,Middle,False,True,False,S,S,0.3,0.2,prospers-26,S,VP,VP,continue,0.013305312577301626,O
32,../data/ArgumentAnnotatedEssays-2.0 2/data/brat-project-final/essay001.txt,as,as,1,19,244,IN,Neutral,0,Introduction,Middle,False,False,False,PP,S,0.4,0.3,result-21,IN,,,,0.013305312577301626,O
33,../data/ArgumentAnnotatedEssays-2.0 2/data/brat-project-final/essay001.txt,a,a,1,20,247,DT,Neutral,0,Introduction,Middle,False,False,False,NP,PP,0.5,0.4,result-21,DT,,,,0.013305312577301626,O
34,../data/ArgumentAnnotatedEssays-2.0 2/data/brat-project-final/essay001.txt,result,result,1,21,249,NN,Neutral,0,Introduction,Middle,False,False,True,S,NP,0.2,0.5,prospers-26,PP,,,,0.013305312577301626,O
35,../data/ArgumentAnnotatedEssays-2.0 2/data/brat-project-final/essay001.txt,",",",",1,22,255,",",Neutral,0,Introduction,Middle,True,False,False,S,S,0.2,0.2,prospers-26,",",",",",",prospers,0.013305312577301626,O
36,../data/ArgumentAnnotatedEssays-2.0 2/data/brat-project-final/essay001.txt,the,the,1,23,257,DT,Neutral,0,Introduction,Middle,False,True,False,S,S,0.2,0.2,society-25,PP,IN,NP,prospers,0.013305312577301626,O
37,../data/ArgumentAnnotatedEssays-2.0 2/data/brat-project-final/essay001.txt,whole,whole,1,24,261,JJ,Neutral,0,Introduction,Middle,False,False,False,NP,S,0.4,0.2,society-25,JJ,,,,0.013305312577301626,O
38,../data/ArgumentAnnotatedEssays-2.0 2/data/brat-project-final/essay001.txt,society,society,1,25,267,NN,Neutral,0,Introduction,Middle,False,False,False,S,NP,0.3,0.4,prospers-26,NP,NNS,NNS,improve,0.013305312577301626,O
39,../data/ArgumentAnnotatedEssays-2.0 2/data/brat-project-final/essay001.txt,prospers,prosper,1,26,275,VBZ,Neutral,0,Introduction,Middle,False,False,True,S,S,0.2,0.3,continue-10,VBZ,,,,0.013305312577301626,O
40,../data/ArgumentAnnotatedEssays-2.0 2/data/brat-project-final/essay001.txt,.,.,1,27,283,.,Neutral,0,Introduction,Last,True,False,False,,S,-1.0,0.2,continue-10,.,.,.,continue,0.013305312577301626,O
41,../data/ArgumentAnnotatedEssays-2.0 2/data/brat-project-final/essay001.txt,However,however,2,1,285,RB,Negative,0,Introduction,First,False,True,True,S,,0.16666666666666666,-1.0,society-22,ADVP,RB,RB,society,0.013305312577301626,O
42,../data/ArgumentAnnotatedEssays-2.0 2/data/brat-project-final/essay001.txt,",",",",2,2,292,",",Negative,0,Introduction,Middle,True,False,False,S,S,0.16666666666666666,0.16666666666666666,society-22,",",",",",",society,0.013305312577301626,O
43,../data/ArgumentAnnotatedEssays-2.0 2/data/brat-project-final/essay001.txt,when,when,2,3,294,WRB,Negative,0,Introduction,Middle,False,True,False,SBAR,S,0.25,0.16666666666666666,discuss-5,WHADVP,WRB,WRB,discuss,0.013305312577301626,O
44,../data/ArgumentAnnotatedEssays-2.0 2/data/brat-project-final/essay001.txt,we,we,2,4,299,PRP,Negative,0,Introduction,Middle,False,False,False,S,SBAR,0.3333333333333333,0.25,discuss-5,NP,PRP,PRP,concerned,0.013305312577301626,O
45,../data/ArgumentAnnotatedEssays-2.0 2/data/brat-project-final/essay001.txt,discuss,discuss,2,5,302,VBP,Negative,0,Introduction,Middle,False,False,False,VP,S,0.4166666666666667,0.3333333333333333,society-22,SBAR,WHADVP,S,society,0.013305312577301626,O
46,../data/ArgumentAnnotatedEssays-2.0 2/data/brat-project-final/essay001.txt,the,the,2,6,310,DT,Negative,0,Introduction,Middle,False,False,False,NP,VP,0.6666666666666666,0.4166666666666667,issue-7,DT,the,the,development,0.013305312577301626,O
47,../data/ArgumentAnnotatedEssays-2.0 2/data/brat-project-final/essay001.txt,issue,issue,2,7,314,NN,Negative,0,Introduction,Middle,False,False,False,NP,NP,0.5833333333333334,0.6666666666666666,discuss-5,NP,NP,SBAR,concerned,0.013305312577301626,O
48,../data/ArgumentAnnotatedEssays-2.0 2/data/brat-project-final/essay001.txt,of,of,2,8,320,IN,Negative,0,Introduction,Middle,False,False,False,PP,NP,0.6666666666666666,0.5833333333333334,competition-9,IN,of,of,life,0.013305312577301626,O
49,../data/ArgumentAnnotatedEssays-2.0 2/data/brat-project-final/essay001.txt,competition,competition,2,9,323,NN,Negative,0,Introduction,Middle,False,False,False,NP,PP,0.75,0.6666666666666666,issue-7,PP,IN,NP,development,0.013305312577301626,O
50,../data/ArgumentAnnotatedEssays-2.0 2/data/brat-project-final/essay001.txt,or,or,2,10,335,CC,Negative,0,Introduction,Middle,False,False,False,NP,NP,0.75,0.75,cooperation-11,CC,or,or,cooperation,0.013305312577301626,O
51,../data/ArgumentAnnotatedEssays-2.0 2/data/brat-project-final/essay001.txt,cooperation,cooperation,2,11,338,NN,Negative,0,Introduction,Middle,False,False,True,S,NP,0.16666666666666666,0.75,competition-9,cooperation,,,,0.013305312577301626,O
52,../data/ArgumentAnnotatedEssays-2.0 2/data/brat-project-final/essay001.txt,",",",",2,12,349,",",Negative,0,Introduction,Middle,True,False,False,S,S,0.16666666666666666,0.16666666666666666,issue-7,",",",",",",society,0.013305312577301626,O
53,../data/ArgumentAnnotatedEssays-2.0 2/data/brat-project-final/essay001.txt,what,what,2,13,351,WP,Negative,0,Introduction,Middle,False,True,False,S,S,0.3333333333333333,0.16666666666666666,concerned-16,WHNP,WP,WP,concerned,0.013305312577301626,O
54,../data/ArgumentAnnotatedEssays-2.0 2/data/brat-project-final/essay001.txt,we,we,2,14,356,PRP,Negative,0,Introduction,Middle,False,False,False,S,S,0.3333333333333333,0.3333333333333333,concerned-16,NP,PRP,PRP,concerned,0.013305312577301626,O
55,../data/ArgumentAnnotatedEssays-2.0 2/data/brat-project-final/essay001.txt,are,be,2,15,359,VBP,Negative,0,Introduction,Middle,False,False,False,VP,S,0.75,0.3333333333333333,concerned-16,VBP,are,are,concerned,0.013305312577301626,O
56,../data/ArgumentAnnotatedEssays-2.0 2/data/brat-project-final/essay001.txt,concerned,concerned,2,16,363,JJ,Negative,0,Introduction,Middle,False,False,False,ADJP,VP,0.8333333333333334,0.75,issue-7,SBAR,WHNP,S,society,0.013305312577301626,O
57,../data/ArgumentAnnotatedEssays-2.0 2/data/brat-project-final/essay001.txt,about,about,2,17,373,IN,Negative,0,Introduction,Middle,False,False,False,S,ADJP,0.16666666666666666,0.8333333333333334,concerned-16,PP,IN,IN,life,0.013305312577301626,O
58,../data/ArgumentAnnotatedEssays-2.0 2/data/brat-project-final/essay001.txt,is,be,2,18,379,VBZ,Negative,0,Introduction,Middle,False,False,False,VP,S,0.25,0.16666666666666666,society-22,VBZ,is,is,society,0.013305312577301626,O
59,../data/ArgumentAnnotatedEssays-2.0 2/data/brat-project-final/essay001.txt,not,not,2,19,382,RB,Negative,0,Introduction,Middle,False,False,False,S,VP,0.16666666666666666,0.25,society-22,RB,not,not,society,0.013305312577301626,O
60,../data/ArgumentAnnotatedEssays-2.0 2/data/brat-project-final/essay001.txt,the,the,2,20,386,DT,Negative,0,Introduction,Middle,False,False,False,S,S,0.16666666666666666,0.16666666666666666,society-22,SBAR,WHADVP,S,society,0.013305312577301626,O
61,../data/ArgumentAnnotatedEssays-2.0 2/data/brat-project-final/essay001.txt,whole,whole,2,21,390,JJ,Negative,0,Introduction,Middle,False,False,False,NP,S,0.4166666666666667,0.16666666666666666,society-22,JJ,whole,whole,life,0.013305312577301626,O
62,../data/ArgumentAnnotatedEssays-2.0 2/data/brat-project-final/essay001.txt,society,society,2,22,396,NN,Negative,0,Introduction,Middle,False,False,True,S,NP,0.16666666666666666,0.4166666666666667,society-22,ROOT,S,S,society,0.013305312577301626,O
63,../data/ArgumentAnnotatedEssays-2.0 2/data/brat-project-final/essay001.txt,",",",",2,23,403,",",Negative,0,Introduction,Middle,True,False,False,S,S,0.16666666666666666,0.16666666666666666,society-22,",",",",",",society,0.013305312577301626,O
64,../data/ArgumentAnnotatedEssays-2.0 2/data/brat-project-final/essay001.txt,but,but,2,24,405,CC,Negative,0,Introduction,Middle,False,True,False,S,S,0.16666666666666666,0.16666666666666666,development-26,CC,but,but,development,0.013305312577301626,O
65,../data/ArgumentAnnotatedEssays-2.0 2/data/brat-project-final/essay001.txt,the,the,2,25,409,DT,Negative,0,Introduction,Middle,False,False,False,S,S,0.16666666666666666,0.16666666666666666,development-26,SBAR,WHADVP,S,society,0.013305312577301626,O
66,../data/ArgumentAnnotatedEssays-2.0 2/data/brat-project-final/essay001.txt,development,development,2,26,413,NN,Negative,0,Introduction,Middle,False,False,False,S,S,0.16666666666666666,0.16666666666666666,society-22,NP,,,,0.013305312577301626,O
67,../data/ArgumentAnnotatedEssays-2.0 2/data/brat-project-final/essay001.txt,of,of,2,27,425,IN,Negative,0,Introduction,Middle,False,False,False,S,S,0.16666666666666666,0.16666666666666666,life-32,SBAR,WHADVP,S,society,0.013305312577301626,O
68,../data/ArgumentAnnotatedEssays-2.0 2/data/brat-project-final/essay001.txt,an,a,2,28,428,DT,Negative,0,Introduction,Middle,False,False,False,NP,S,0.6666666666666666,0.16666666666666666,individual-29,DT,,,,0.013305312577301626,O
69,../data/ArgumentAnnotatedEssays-2.0 2/data/brat-project-final/essay001.txt,individual,individual,2,29,431,NN,Negative,0,Introduction,Middle,False,False,False,NP,NP,0.6666666666666666,0.6666666666666666,life-32,NP,,,,0.013305312577301626,O
70,../data/ArgumentAnnotatedEssays-2.0 2/data/brat-project-final/essay001.txt,'s,'s,2,30,441,POS,Negative,0,Introduction,Middle,False,False,False,NP,NP,0.4166666666666667,0.6666666666666666,individual-29,POS,,,,0.013305312577301626,O
71,../data/ArgumentAnnotatedEssays-2.0 2/data/brat-project-final/essay001.txt,whole,whole,2,31,444,JJ,Negative,0,Introduction,Middle,False,False,False,NP,NP,0.4166666666666667,0.4166666666666667,life-32,JJ,whole,whole,life,0.013305312577301626,O
72,../data/ArgumentAnnotatedEssays-2.0 2/data/brat-project-final/essay001.txt,life,life,2,32,450,NN,Negative,0,Introduction,Middle,False,False,True,S,NP,0.16666666666666666,0.4166666666666667,development-26,PP,,,,0.013305312577301626,O
73,../data/ArgumentAnnotatedEssays-2.0 2/data/brat-project-final/essay001.txt,.,.,2,33,454,.,Negative,0,Introduction,Last,True,False,False,,S,-1.0,0.16666666666666666,society-22,.,.,.,society,0.013305312577301626,O
74,../data/ArgumentAnnotatedEssays-2.0 2/data/brat-project-final/essay001.txt,From,from,3,1,456,IN,Neutral,0,Introduction,First,False,True,False,PP,,0.3,-1.0,point-3,IN,From,From,point,0.013305312577301626,O
75,../data/ArgumentAnnotatedEssays-2.0 2/data/brat-project-final/essay001.txt,this,this,3,2,461,DT,Neutral,0,Introduction,Middle,False,False,False,NP,PP,0.5,0.3,point-3,DT,this,this,point,0.013305312577301626,O
76,../data/ArgumentAnnotatedEssays-2.0 2/data/brat-project-final/essay001.txt,point,point,3,3,466,NN,Neutral,0,Introduction,Middle,False,False,False,NP,NP,0.4,0.5,believe-9,PP,IN,NP,attach,0.013305312577301626,O
77,../data/ArgumentAnnotatedEssays-2.0 2/data/brat-project-final/essay001.txt,of,of,3,4,472,IN,Neutral,0,Introduction,Middle,False,False,False,PP,NP,0.5,0.4,view-5,IN,of,of,view,0.013305312577301626,O
78,../data/ArgumentAnnotatedEssays-2.0 2/data/brat-project-final/essay001.txt,view,view,3,5,475,NN,Neutral,0,Introduction,Middle,False,False,True,S,PP,0.2,0.5,point-3,PP,IN,NP,attach,0.013305312577301626,O
79,../data/ArgumentAnnotatedEssays-2.0 2/data/brat-project-final/essay001.txt,",",",",3,6,479,",",Neutral,0,Introduction,Middle,True,False,False,S,S,0.2,0.2,believe-9,",",",",",",believe,0.013305312577301626,O
80,../data/ArgumentAnnotatedEssays-2.0 2/data/brat-project-final/essay001.txt,I,I,3,7,481,PRP,Neutral,0,Introduction,Middle,False,True,False,S,S,0.2,0.2,believe-9,NP,PRP,PRP,attach,0.013305312577301626,O
81,../data/ArgumentAnnotatedEssays-2.0 2/data/brat-project-final/essay001.txt,firmly,firmly,3,8,483,RB,Neutral,0,Introduction,Middle,False,False,False,S,S,0.2,0.2,believe-9,ADVP,RB,RB,believe,0.013305312577301626,O
82,../data/ArgumentAnnotatedEssays-2.0 2/data/brat-project-final/essay001.txt,believe,believe,3,9,490,VBP,Neutral,0,Introduction,Middle,False,False,False,VP,S,0.3,0.2,believe-9,ROOT,S,S,believe,0.013305312577301626,O
83,../data/ArgumentAnnotatedEssays-2.0 2/data/brat-project-final/essay001.txt,that,that,3,10,498,IN,Neutral,0,Introduction,Middle,False,False,False,SBAR,VP,0.4,0.3,attach-13,IN,that,that,attach,0.013305312577301626,O
84,../data/ArgumentAnnotatedEssays-2.0 2/data/brat-project-final/essay001.txt,we,we,3,11,503,PRP,Neutral,0,Introduction,Middle,False,False,False,S,SBAR,0.5,0.4,attach-13,NP,PRP,PRP,attach,0.013305312577301626,Arg-B
85,../data/ArgumentAnnotatedEssays-2.0 2/data/brat-project-final/essay001.txt,should,should,3,12,506,MD,Neutral,0,Introduction,Middle,False,False,False,VP,S,0.6,0.5,attach-13,MD,should,should,attach,0.0476733683405093,Arg-I
86,../data/ArgumentAnnotatedEssays-2.0 2/data/brat-project-final/essay001.txt,attach,attach,3,13,513,VB,Neutral,0,Introduction,Middle,False,False,False,VP,VP,0.7,0.6,believe-9,SBAR,IN,S,believe,0.14984525969388995,Arg-I
87,../data/ArgumentAnnotatedEssays-2.0 2/data/brat-project-final/essay001.txt,more,more,3,14,520,JJR,Neutral,0,Introduction,Middle,False,False,False,NP,VP,0.8,0.7,importance-15,JJR,more,more,importance,0.11534865659079704,Arg-I
88,../data/ArgumentAnnotatedEssays-2.0 2/data/brat-project-final/essay001.txt,importance,importance,3,15,525,NN,Neutral,0,Introduction,Middle,False,False,False,VP,NP,0.7,0.8,attach-13,NP,JJR,NN,attach,0.11534865659079704,Arg-I
89,../data/ArgumentAnnotatedEssays-2.0 2/data/brat-project-final/essay001.txt,to,to,3,16,536,IN,Neutral,0,Introduction,Middle,False,False,False,PP,VP,0.8,0.7,cooperation-17,IN,to,to,cooperation,0.11534865659079704,Arg-I
90,../data/ArgumentAnnotatedEssays-2.0 2/data/brat-project-final/essay001.txt,cooperation,cooperation,3,17,539,NN,Neutral,0,Introduction,Middle,False,False,False,PP,PP,0.8,0.8,attach-13,PP,IN,NP,attach,0.11534865659079704,Arg-I
91,../data/ArgumentAnnotatedEssays-2.0 2/data/brat-project-final/essay001.txt,during,during,3,18,551,IN,Neutral,0,Introduction,Middle,False,False,False,PP,PP,0.8,0.8,education-20,IN,to,to,cooperation,0.11534865659079704,Arg-I
92,../data/ArgumentAnnotatedEssays-2.0 2/data/brat-project-final/essay001.txt,primary,primary,3,19,558,JJ,Neutral,0,Introduction,Middle,False,False,False,NP,PP,0.9,0.8,education-20,JJ,,,,0.11534865659079704,Arg-I
93,../data/ArgumentAnnotatedEssays-2.0 2/data/brat-project-final/essay001.txt,education,education,3,20,566,NN,Neutral,0,Introduction,Middle,False,False,True,S,NP,0.2,0.9,attach-13,PP,IN,NP,attach,0.11534865659079704,Arg-I
94,../data/ArgumentAnnotatedEssays-2.0 2/data/brat-project-final/essay001.txt,.,.,3,21,575,.,Neutral,0,Introduction,Last,True,False,False,,S,-1.0,0.2,believe-9,.,.,.,believe,0.11534865659079704,O
95,../data/ArgumentAnnotatedEssays-2.0 2/data/brat-project-final/essay001.txt,First,first,0,1,577,RB,Neutral,1,Body,First,False,True,False,ADVP,,0.2,-1.0,learn-10,ADVP,RB,PP,life,0.23787923555186608,O
96,../data/ArgumentAnnotatedEssays-2.0 2/data/brat-project-final/essay001.txt,of,of,0,2,583,IN,Neutral,1,Body,Middle,False,False,False,PP,ADVP,0.26666666666666666,0.2,all-3,IN,of,of,students,0.023969676496730506,O
97,../data/ArgumentAnnotatedEssays-2.0 2/data/brat-project-final/essay001.txt,all,all,0,3,586,DT,Neutral,1,Body,Middle,False,False,True,S,PP,0.13333333333333333,0.26666666666666666,First-1,PP,IN,NP,life,0.013305312577301626,O
98,../data/ArgumentAnnotatedEssays-2.0 2/data/brat-project-final/essay001.txt,",",",",0,4,589,",",Neutral,1,Body,Middle,True,False,False,S,S,0.13333333333333333,0.13333333333333333,learn-10,",",",",",",learn,0.013305312577301626,O
99,../data/ArgumentAnnotatedEssays-2.0 2/data/brat-project-final/essay001.txt,through,through,0,5,591,IN,Neutral,1,Body,Middle,False,True,False,PP,S,0.2,0.13333333333333333,cooperation-6,IN,through,through,cooperation,0.013305312577301626,Arg-B
100,../data/ArgumentAnnotatedEssays-2.0 2/data/brat-project-final/essay001.txt,cooperation,cooperation,0,6,599,NN,Neutral,1,Body,Middle,False,False,True,S,PP,0.13333333333333333,0.2,learn-10,PP,IN,NP,life,0.0476733683405093,Arg-I
101,../data/ArgumentAnnotatedEssays-2.0 2/data/brat-project-final/essay001.txt,",",",",0,7,610,",",Neutral,1,Body,Middle,True,False,False,S,S,0.13333333333333333,0.13333333333333333,learn-10,",",",",",",learn,0.14984525969388995,Arg-I
102,../data/ArgumentAnnotatedEssays-2.0 2/data/brat-project-final/essay001.txt,children,child,0,8,612,NNS,Neutral,1,Body,Middle,False,True,False,S,S,0.13333333333333333,0.13333333333333333,learn-10,NP,NNS,NNS,life,0.11534865659079704,Arg-I
103,../data/ArgumentAnnotatedEssays-2.0 2/data/brat-project-final/essay001.txt,can,can,0,9,621,MD,Neutral,1,Body,Middle,False,False,False,VP,S,0.2,0.13333333333333333,learn-10,MD,can,can,learn,0.11534865659079704,Arg-I
104,../data/ArgumentAnnotatedEssays-2.0 2/data/brat-project-final/essay001.txt,learn,learn,0,10,625,VB,Neutral,1,Body,Middle,False,False,False,VP,VP,0.26666666666666666,0.2,learn-10,ROOT,S,S,learn,0.11534865659079704,Arg-I
105,../data/ArgumentAnnotatedEssays-2.0 2/data/brat-project-final/essay001.txt,about,about,0,11,631,IN,Neutral,1,Body,Middle,False,False,False,PP,VP,0.3333333333333333,0.26666666666666666,skills-13,IN,about,about,skills,0.11534865659079704,Arg-I
106,../data/ArgumentAnnotatedEssays-2.0 2/data/brat-project-final/essay001.txt,interpersonal,interpersonal,0,12,637,JJ,Neutral,1,Body,Middle,False,False,False,NP,PP,0.4666666666666667,0.3333333333333333,skills-13,JJ,interpersonal,interpersonal,skills,0.11534865659079704,Arg-I
107,../data/ArgumentAnnotatedEssays-2.0 2/data/brat-project-final/essay001.txt,skills,skill,0,13,651,NNS,Neutral,1,Body,Middle,False,False,False,NP,NP,0.4,0.4666666666666667,learn-10,PP,IN,NP,life,0.11534865659079704,Arg-I
108,../data/ArgumentAnnotatedEssays-2.0 2/data/brat-project-final/essay001.txt,which,which,0,14,658,WDT,Neutral,1,Body,Middle,False,False,False,SBAR,NP,0.4666666666666667,0.4,significant-16,WHNP,WDT,WDT,significant,0.11534865659079704,Arg-I
109,../data/ArgumentAnnotatedEssays-2.0 2/data/brat-project-final/essay001.txt,are,be,0,15,664,VBP,Neutral,1,Body,Middle,False,False,False,VP,SBAR,0.6,0.4666666666666667,significant-16,VBP,are,are,significant,0.11534865659079704,Arg-I
110,../data/ArgumentAnnotatedEssays-2.0 2/data/brat-project-final/essay001.txt,significant,significant,0,16,668,JJ,Neutral,1,Body,Middle,False,False,False,ADJP,VP,0.6666666666666666,0.6,skills-13,SBAR,WHNP,S,learn,0.11534865659079704,Arg-I
111,../data/ArgumentAnnotatedEssays-2.0 2/data/brat-project-final/essay001.txt,in,in,0,17,680,IN,Neutral,1,Body,Middle,False,False,False,PP,ADJP,0.7333333333333333,0.6666666666666666,life-20,IN,in,in,life,0.11534865659079704,Arg-I
112,../data/ArgumentAnnotatedEssays-2.0 2/data/brat-project-final/essay001.txt,the,the,0,18,683,DT,Neutral,1,Body,Middle,False,False,False,NP,PP,0.8666666666666667,0.7333333333333333,life-20,DT,the,the,life,0.11534865659079704,Arg-I
113,../data/ArgumentAnnotatedEssays-2.0 2/data/brat-project-final/essay001.txt,future,future,0,19,687,JJ,Neutral,1,Body,Middle,False,False,False,NP,NP,0.8666666666666667,0.8666666666666667,life-20,JJ,future,future,life,0.11534865659079704,Arg-I
114,../data/ArgumentAnnotatedEssays-2.0 2/data/brat-project-final/essay001.txt,life,life,0,20,694,NN,Neutral,1,Body,Middle,False,False,False,S,NP,0.13333333333333333,0.8666666666666667,significant-16,PP,IN,NP,life,0.11534865659079704,Arg-I
115,../data/ArgumentAnnotatedEssays-2.0 2/data/brat-project-final/essay001.txt,of,of,0,21,699,IN,Neutral,1,Body,Middle,False,False,False,PP,S,0.26666666666666666,0.13333333333333333,students-23,ADVP,RB,PP,life,0.11534865659079704,Arg-I
116,../data/ArgumentAnnotatedEssays-2.0 2/data/brat-project-final/essay001.txt,all,all,0,22,702,DT,Neutral,1,Body,Middle,False,False,False,S,PP,0.13333333333333333,0.26666666666666666,students-23,ADVP,RB,PP,life,0.11534865659079704,Arg-I
117,../data/ArgumentAnnotatedEssays-2.0 2/data/brat-project-final/essay001.txt,students,student,0,23,706,NNS,Neutral,1,Body,Middle,False,False,True,S,S,0.13333333333333333,0.13333333333333333,life-20,PP,IN,NP,life,0.11534865659079704,Arg-I
118,../data/ArgumentAnnotatedEssays-2.0 2/data/brat-project-final/essay001.txt,.,.,0,24,714,.,Neutral,1,Body,Last,True,False,False,,S,-1.0,0.13333333333333333,learn-10,.,.,.,learn,0.11534865659079704,O
119,../data/ArgumentAnnotatedEssays-2.0 2/data/brat-project-final/essay001.txt,What,what,1,1,716,WP,Negative,1,Body,First,False,True,False,SBAR,,0.36363636363636365,-1.0,acquired-3,WHNP,WP,WP,acquired,0.23787923555186608,Arg-B
120,../data/ArgumentAnnotatedEssays-2.0 2/data/brat-project-final/essay001.txt,we,we,1,2,721,PRP,Negative,1,Body,Middle,False,False,False,S,SBAR,0.45454545454545453,0.36363636363636365,acquired-3,NP,PRP,PRP,acquired,0.0476733683405093,Arg-I
121,../data/ArgumentAnnotatedEssays-2.0 2/data/brat-project-final/essay001.txt,acquired,acquire,1,3,724,VBD,Negative,1,Body,Middle,False,False,False,VP,S,0.5454545454545454,0.45454545454545453,is-7,SBAR,WHNP,S,is,0.14984525969388995,Arg-I
122,../data/ArgumentAnnotatedEssays-2.0 2/data/brat-project-final/essay001.txt,from,from,1,4,733,IN,Negative,1,Body,Middle,False,False,False,PP,VP,0.6363636363636364,0.5454545454545454,work-6,IN,from,from,work,0.11534865659079704,Arg-I
123,../data/ArgumentAnnotatedEssays-2.0 2/data/brat-project-final/essay001.txt,team,team,1,5,738,NN,Negative,1,Body,Middle,False,False,False,NN,PP,0.8181818181818182,0.6363636363636364,work-6,team,,,,0.11534865659079704,Arg-I
124,../data/ArgumentAnnotatedEssays-2.0 2/data/brat-project-final/essay001.txt,work,work,1,6,743,NN,Negative,1,Body,Middle,False,False,False,S,NN,0.2727272727272727,0.8181818181818182,acquired-3,PP,IN,NP,get,0.11534865659079704,Arg-I
125,../data/ArgumentAnnotatedEssays-2.0 2/data/brat-project-final/essay001.txt,is,be,1,7,748,VBZ,Negative,1,Body,Middle,False,False,False,VP,S,0.36363636363636365,0.2727272727272727,is-7,ROOT,S,S,is,0.11534865659079704,Arg-I
126,../data/ArgumentAnnotatedEssays-2.0 2/data/brat-project-final/essay001.txt,not,not,1,8,751,RB,Negative,1,Body,Middle,False,False,False,VP,VP,0.36363636363636365,0.36363636363636365,is-7,RB,not,not,is,0.11534865659079704,Arg-I
127,../data/ArgumentAnnotatedEssays-2.0 2/data/brat-project-final/essay001.txt,only,only,1,9,755,RB,Negative,1,Body,Middle,False,False,False,VP,VP,0.36363636363636365,0.36363636363636365,is-7,ADVP,RB,RB,is,0.11534865659079704,Arg-I
128,../data/ArgumentAnnotatedEssays-2.0 2/data/brat-project-final/essay001.txt,how,how,1,10,760,WRB,Negative,1,Body,Middle,False,False,False,SBAR,VP,0.45454545454545453,0.36363636363636365,achieve-12,WHADVP,WRB,WRB,get,0.11534865659079704,Arg-I
129,../data/ArgumentAnnotatedEssays-2.0 2/data/brat-project-final/essay001.txt,to,to,1,11,764,TO,Negative,1,Body,Middle,False,False,False,VP,SBAR,0.6363636363636364,0.45454545454545453,achieve-12,TO,to,to,get,0.11534865659079704,Arg-I
130,../data/ArgumentAnnotatedEssays-2.0 2/data/brat-project-final/essay001.txt,achieve,achieve,1,12,767,VB,Negative,1,Body,Middle,False,False,False,VP,VP,0.7272727272727273,0.6363636363636364,is-7,SBAR,WHADVP,S,is,0.11534865659079704,Arg-I
131,../data/ArgumentAnnotatedEssays-2.0 2/data/brat-project-final/essay001.txt,the,the,1,13,775,DT,Negative,1,Body,Middle,False,False,False,NP,VP,0.8181818181818182,0.7272727272727273,goal-15,DT,the,the,goal,0.11534865659079704,Arg-I
132,../data/ArgumentAnnotatedEssays-2.0 2/data/brat-project-final/essay001.txt,same,same,1,14,779,JJ,Negative,1,Body,Middle,False,False,False,NP,NP,0.8181818181818182,0.8181818181818182,goal-15,JJ,same,same,goal,0.11534865659079704,Arg-I
133,../data/ArgumentAnnotatedEssays-2.0 2/data/brat-project-final/essay001.txt,goal,goal,1,15,784,NN,Negative,1,Body,Middle,False,False,False,VP,NP,0.7272727272727273,0.8181818181818182,achieve-12,NP,DT,NN,achieve,0.11534865659079704,Arg-I
134,../data/ArgumentAnnotatedEssays-2.0 2/data/brat-project-final/essay001.txt,with,with,1,16,789,IN,Negative,1,Body,Middle,False,False,False,PP,VP,0.8181818181818182,0.7272727272727273,others-17,IN,with,with,others,0.11534865659079704,Arg-I
135,../data/ArgumentAnnotatedEssays-2.0 2/data/brat-project-final/essay001.txt,others,other,1,17,794,NNS,Negative,1,Body,Middle,False,False,False,S,PP,0.18181818181818182,0.8181818181818182,achieve-12,PP,IN,NP,get,0.11534865659079704,Arg-I
136,../data/ArgumentAnnotatedEssays-2.0 2/data/brat-project-final/essay001.txt,but,but,1,18,801,CC,Negative,1,Body,Middle,False,False,False,S,S,0.18181818181818182,0.18181818181818182,is-7,CC,but,but,is,0.11534865659079704,Arg-I
137,../data/ArgumentAnnotatedEssays-2.0 2/data/brat-project-final/essay001.txt,more,more,1,19,805,RBR,Negative,1,Body,Middle,False,False,False,ADVP,S,0.2727272727272727,0.18181818181818182,importantly-20,RBR,more,more,importantly,0.11534865659079704,Arg-I
138,../data/ArgumentAnnotatedEssays-2.0 2/data/brat-project-final/essay001.txt,importantly,importantly,1,20,810,RB,Negative,1,Body,Middle,False,False,True,S,ADVP,0.18181818181818182,0.2727272727272727,is-7,ADVP,RBR,RB,is,0.11534865659079704,Arg-I
139,../data/ArgumentAnnotatedEssays-2.0 2/data/brat-project-final/essay001.txt,",",",",1,21,821,",",Negative,1,Body,Middle,True,False,False,S,S,0.18181818181818182,0.18181818181818182,is-7,",",",",",",is,0.11534865659079704,Arg-I
140,../data/ArgumentAnnotatedEssays-2.0 2/data/brat-project-final/essay001.txt,how,how,1,22,823,WRB,Negative,1,Body,Middle,False,True,False,SBAR,S,0.45454545454545453,0.18181818181818182,get-24,S,SBAR,VP,get,0.11534865659079704,Arg-I
141,../data/ArgumentAnnotatedEssays-2.0 2/data/brat-project-final/essay001.txt,to,to,1,23,827,TO,Negative,1,Body,Middle,False,False,False,S,SBAR,0.18181818181818182,0.45454545454545453,get-24,S,SBAR,VP,get,0.11534865659079704,Arg-I
142,../data/ArgumentAnnotatedEssays-2.0 2/data/brat-project-final/essay001.txt,get,get,1,24,830,VB,Negative,1,Body,Middle,False,False,False,VP,S,0.5454545454545454,0.18181818181818182,is-7,SBAR,WHADVP,S,is,0.11534865659079704,Arg-I
143,../data/ArgumentAnnotatedEssays-2.0 2/data/brat-project-final/essay001.txt,along,along,1,25,834,RP,Negative,1,Body,Middle,False,False,False,S,VP,0.18181818181818182,0.5454545454545454,get-24,PRT,RP,RP,get,0.11534865659079704,Arg-I
144,../data/ArgumentAnnotatedEssays-2.0 2/data/brat-project-final/essay001.txt,with,with,1,26,840,IN,Negative,1,Body,Middle,False,False,False,PP,S,0.8181818181818182,0.18181818181818182,others-27,IN,with,with,others,0.11534865659079704,Arg-I
145,../data/ArgumentAnnotatedEssays-2.0 2/data/brat-project-final/essay001.txt,others,other,1,27,845,NNS,Negative,1,Body,Middle,False,False,True,S,PP,0.18181818181818182,0.8181818181818182,get-24,S,SBAR,VP,get,0.11534865659079704,Arg-I
146,../data/ArgumentAnnotatedEssays-2.0 2/data/brat-project-final/essay001.txt,.,.,1,28,851,.,Negative,1,Body,Last,True,False,False,,S,-1.0,0.18181818181818182,is-7,.,.,.,is,0.11534865659079704,O
147,../data/ArgumentAnnotatedEssays-2.0 2/data/brat-project-final/essay001.txt,During,during,2,1,853,IN,Negative,1,Body,First,False,True,False,PP,,0.21428571428571427,-1.0,process-3,IN,During,During,process,0.23787923555186608,Arg-B
148,../data/ArgumentAnnotatedEssays-2.0 2/data/brat-project-final/essay001.txt,the,the,2,2,860,DT,Negative,1,Body,Middle,False,False,False,NP,PP,0.35714285714285715,0.21428571428571427,process-3,DT,the,the,process,0.0476733683405093,Arg-I
149,../data/ArgumentAnnotatedEssays-2.0 2/data/brat-project-final/essay001.txt,process,process,2,3,864,NN,Negative,1,Body,Middle,False,False,False,NP,NP,0.2857142857142857,0.35714285714285715,learn-9,PP,IN,NP,occurred,0.14984525969388995,Arg-I
150,../data/ArgumentAnnotatedEssays-2.0 2/data/brat-project-final/essay001.txt,of,of,2,4,872,IN,Negative,1,Body,Middle,False,False,False,PP,NP,0.35714285714285715,0.2857142857142857,cooperation-5,IN,of,of,others,0.11534865659079704,Arg-I
151,../data/ArgumentAnnotatedEssays-2.0 2/data/brat-project-final/essay001.txt,cooperation,cooperation,2,5,875,NN,Negative,1,Body,Middle,False,False,True,S,PP,0.14285714285714285,0.35714285714285715,process-3,PP,IN,NP,occurred,0.11534865659079704,Arg-I
152,../data/ArgumentAnnotatedEssays-2.0 2/data/brat-project-final/essay001.txt,",",",",2,6,886,",",Negative,1,Body,Middle,True,False,False,S,S,0.14285714285714285,0.14285714285714285,learn-9,",",",",",",communicate,0.11534865659079704,Arg-I
153,../data/ArgumentAnnotatedEssays-2.0 2/data/brat-project-final/essay001.txt,children,child,2,7,888,NNS,Negative,1,Body,Middle,False,True,False,S,S,0.14285714285714285,0.14285714285714285,learn-9,NP,NNS,NNS,occurred,0.11534865659079704,Arg-I
154,../data/ArgumentAnnotatedEssays-2.0 2/data/brat-project-final/essay001.txt,can,can,2,8,897,MD,Negative,1,Body,Middle,False,False,False,VP,S,0.21428571428571427,0.14285714285714285,learn-9,MD,can,can,learn,0.11534865659079704,Arg-I
155,../data/ArgumentAnnotatedEssays-2.0 2/data/brat-project-final/essay001.txt,learn,learn,2,9,901,VB,Negative,1,Body,Middle,False,False,False,VP,VP,0.2857142857142857,0.21428571428571427,learn-9,ROOT,S,S,learn,0.11534865659079704,Arg-I
156,../data/ArgumentAnnotatedEssays-2.0 2/data/brat-project-final/essay001.txt,about,about,2,10,907,IN,Negative,1,Body,Middle,False,False,False,PP,VP,0.35714285714285715,0.2857142857142857,listen-13,IN,about,about,listen,0.11534865659079704,Arg-I
157,../data/ArgumentAnnotatedEssays-2.0 2/data/brat-project-final/essay001.txt,how,how,2,11,913,WRB,Negative,1,Body,Middle,False,False,False,SBAR,PP,0.42857142857142855,0.35714285714285715,listen-13,WHADVP,WRB,WRB,occurred,0.11534865659079704,Arg-I
158,../data/ArgumentAnnotatedEssays-2.0 2/data/brat-project-final/essay001.txt,to,to,2,12,917,TO,Negative,1,Body,Middle,False,False,False,VP,SBAR,0.5714285714285714,0.42857142857142855,listen-13,TO,to,to,compromise,0.11534865659079704,Arg-I
159,../data/ArgumentAnnotatedEssays-2.0 2/data/brat-project-final/essay001.txt,listen,listen,2,13,920,VB,Negative,1,Body,Middle,False,False,False,VP,VP,0.5714285714285714,0.5714285714285714,learn-9,PP,IN,SBAR,compromise,0.11534865659079704,Arg-I
160,../data/ArgumentAnnotatedEssays-2.0 2/data/brat-project-final/essay001.txt,to,to,2,14,927,IN,Negative,1,Body,Middle,False,False,False,VP,VP,0.5714285714285714,0.5714285714285714,opinions-15,TO,to,to,compromise,0.11534865659079704,Arg-I
161,../data/ArgumentAnnotatedEssays-2.0 2/data/brat-project-final/essay001.txt,opinions,opinion,2,15,930,NNS,Negative,1,Body,Middle,False,False,False,S,VP,0.14285714285714285,0.5714285714285714,listen-13,PP,IN,NP,occurred,0.11534865659079704,Arg-I
162,../data/ArgumentAnnotatedEssays-2.0 2/data/brat-project-final/essay001.txt,of,of,2,16,939,IN,Negative,1,Body,Middle,False,False,False,S,S,0.14285714285714285,0.14285714285714285,others-17,PP,IN,NP,occurred,0.11534865659079704,Arg-I
163,../data/ArgumentAnnotatedEssays-2.0 2/data/brat-project-final/essay001.txt,others,other,2,17,942,NNS,Negative,1,Body,Middle,False,False,True,S,S,0.14285714285714285,0.14285714285714285,opinions-15,PP,IN,NP,occurred,0.11534865659079704,Arg-I
164,../data/ArgumentAnnotatedEssays-2.0 2/data/brat-project-final/essay001.txt,",",",",2,18,948,",",Negative,1,Body,Middle,True,False,False,S,S,0.14285714285714285,0.14285714285714285,learn-9,",",",",",",communicate,0.11534865659079704,Arg-I
165,../data/ArgumentAnnotatedEssays-2.0 2/data/brat-project-final/essay001.txt,how,how,2,19,950,WRB,Negative,1,Body,Middle,False,True,False,SBAR,S,0.42857142857142855,0.14285714285714285,communicate-21,PP,IN,SBAR,compromise,0.11534865659079704,Arg-I
166,../data/ArgumentAnnotatedEssays-2.0 2/data/brat-project-final/essay001.txt,to,to,2,20,954,TO,Negative,1,Body,Middle,False,False,False,VP,SBAR,0.2857142857142857,0.42857142857142855,communicate-21,PP,IN,SBAR,compromise,0.11534865659079704,Arg-I
167,../data/ArgumentAnnotatedEssays-2.0 2/data/brat-project-final/essay001.txt,communicate,communicate,2,21,957,VB,Negative,1,Body,Middle,False,False,False,VP,VP,0.6428571428571429,0.2857142857142857,learn-9,SBAR,SBAR,SBAR,compromise,0.11534865659079704,Arg-I
168,../data/ArgumentAnnotatedEssays-2.0 2/data/brat-project-final/essay001.txt,with,with,2,22,969,IN,Negative,1,Body,Middle,False,False,False,VP,VP,0.2857142857142857,0.6428571428571429,others-23,SBAR,SBAR,SBAR,compromise,0.11534865659079704,Arg-I
169,../data/ArgumentAnnotatedEssays-2.0 2/data/brat-project-final/essay001.txt,others,other,2,23,974,NNS,Negative,1,Body,Middle,False,False,True,S,VP,0.14285714285714285,0.2857142857142857,communicate-21,PP,IN,SBAR,compromise,0.11534865659079704,Arg-I
170,../data/ArgumentAnnotatedEssays-2.0 2/data/brat-project-final/essay001.txt,",",",",2,24,980,",",Negative,1,Body,Middle,True,False,False,S,S,0.14285714285714285,0.14285714285714285,communicate-21,",",",",",",communicate,0.11534865659079704,Arg-I
171,../data/ArgumentAnnotatedEssays-2.0 2/data/brat-project-final/essay001.txt,how,how,2,25,982,WRB,Negative,1,Body,Middle,False,True,False,SBAR,S,0.42857142857142855,0.14285714285714285,think-27,PP,IN,SBAR,compromise,0.11534865659079704,Arg-I
172,../data/ArgumentAnnotatedEssays-2.0 2/data/brat-project-final/essay001.txt,to,to,2,26,986,TO,Negative,1,Body,Middle,False,False,False,VP,SBAR,0.2857142857142857,0.42857142857142855,think-27,PP,IN,SBAR,compromise,0.11534865659079704,Arg-I
173,../data/ArgumentAnnotatedEssays-2.0 2/data/brat-project-final/essay001.txt,think,think,2,27,989,VB,Negative,1,Body,Middle,False,False,False,VP,VP,0.6428571428571429,0.2857142857142857,communicate-21,think,,,,0.11534865659079704,Arg-I
174,../data/ArgumentAnnotatedEssays-2.0 2/data/brat-project-final/essay001.txt,comprehensively,comprehensively,2,28,995,RB,Negative,1,Body,Middle,False,False,True,S,VP,0.14285714285714285,0.6428571428571429,think-27,ADVP,,,,0.11534865659079704,Arg-I
175,../data/ArgumentAnnotatedEssays-2.0 2/data/brat-project-final/essay001.txt,",",",",2,29,1010,",",Negative,1,Body,Middle,True,False,False,S,S,0.14285714285714285,0.14285714285714285,communicate-21,",",",",",",communicate,0.11534865659079704,Arg-I
176,../data/ArgumentAnnotatedEssays-2.0 2/data/brat-project-final/essay001.txt,and,and,2,30,1012,CC,Negative,1,Body,Middle,False,True,False,SBAR,S,0.35714285714285715,0.14285714285714285,compromise-34,CC,and,and,compromise,0.11534865659079704,Arg-I
177,../data/ArgumentAnnotatedEssays-2.0 2/data/brat-project-final/essay001.txt,even,even,2,31,1016,RB,Negative,1,Body,Middle,False,False,False,VP,SBAR,0.2857142857142857,0.35714285714285715,how-32,SBAR,SBAR,SBAR,compromise,0.11534865659079704,Arg-I
178,../data/ArgumentAnnotatedEssays-2.0 2/data/brat-project-final/essay001.txt,how,how,2,32,1021,WRB,Negative,1,Body,Middle,False,False,False,SBAR,VP,0.42857142857142855,0.2857142857142857,compromise-34,PP,IN,SBAR,compromise,0.11534865659079704,Arg-I
179,../data/ArgumentAnnotatedEssays-2.0 2/data/brat-project-final/essay001.txt,to,to,2,33,1025,TO,Negative,1,Body,Middle,False,False,False,VP,SBAR,0.2857142857142857,0.42857142857142855,compromise-34,PP,IN,SBAR,compromise,0.11534865659079704,Arg-I
180,../data/ArgumentAnnotatedEssays-2.0 2/data/brat-project-final/essay001.txt,compromise,compromise,2,34,1028,VB,Negative,1,Body,Middle,False,False,False,VP,VP,0.6428571428571429,0.2857142857142857,communicate-21,compromise,,,,0.11534865659079704,Arg-I
181,../data/ArgumentAnnotatedEssays-2.0 2/data/brat-project-final/essay001.txt,with,with,2,35,1039,IN,Negative,1,Body,Middle,False,False,False,PP,VP,0.7142857142857143,0.6428571428571429,members-38,IN,with,with,members,0.11534865659079704,Arg-I
182,../data/ArgumentAnnotatedEssays-2.0 2/data/brat-project-final/essay001.txt,other,other,2,36,1044,JJ,Negative,1,Body,Middle,False,False,False,NP,PP,0.7857142857142857,0.7142857142857143,members-38,JJ,,,,0.11534865659079704,Arg-I
183,../data/ArgumentAnnotatedEssays-2.0 2/data/brat-project-final/essay001.txt,team,team,2,37,1050,NN,Negative,1,Body,Middle,False,False,False,NP,NP,0.7857142857142857,0.7857142857142857,members-38,NN,,,,0.11534865659079704,Arg-I
184,../data/ArgumentAnnotatedEssays-2.0 2/data/brat-project-final/essay001.txt,members,member,2,38,1055,NNS,Negative,1,Body,Middle,False,False,False,VP,NP,0.6428571428571429,0.7857142857142857,compromise-34,PP,IN,NP,occurred,0.11534865659079704,Arg-I
185,../data/ArgumentAnnotatedEssays-2.0 2/data/brat-project-final/essay001.txt,when,when,2,39,1063,WRB,Negative,1,Body,Middle,False,False,False,SBAR,VP,0.7142857142857143,0.6428571428571429,occurred-41,WHADVP,,,,0.11534865659079704,Arg-I
186,../data/ArgumentAnnotatedEssays-2.0 2/data/brat-project-final/essay001.txt,conflicts,conflict,2,40,1068,NNS,Negative,1,Body,Middle,False,False,False,S,SBAR,0.7857142857142857,0.7142857142857143,occurred-41,NP,,,,0.11534865659079704,Arg-I
187,../data/ArgumentAnnotatedEssays-2.0 2/data/brat-project-final/essay001.txt,occurred,occur,2,41,1078,VBD,Negative,1,Body,Middle,False,False,True,S,S,0.14285714285714285,0.7857142857142857,compromise-34,SBAR,,,,0.11534865659079704,Arg-I
188,../data/ArgumentAnnotatedEssays-2.0 2/data/brat-project-final/essay001.txt,.,.,2,42,1086,.,Negative,1,Body,Last,True,False,False,,S,-1.0,0.14285714285714285,learn-9,.,.,.,learn,0.11534865659079704,O
189,../data/ArgumentAnnotatedEssays-2.0 2/data/brat-project-final/essay001.txt,All,all,3,1,1088,DT,Positive,1,Body,First,False,True,False,NP,,0.3,-1.0,help-5,NP,NP,PP,benefit,0.23787923555186608,Arg-B
190,../data/ArgumentAnnotatedEssays-2.0 2/data/brat-project-final/essay001.txt,of,of,3,2,1092,IN,Positive,1,Body,Middle,False,False,False,PP,NP,0.4,0.3,skills-4,IN,of,of,skills,0.0476733683405093,Arg-I
191,../data/ArgumentAnnotatedEssays-2.0 2/data/brat-project-final/essay001.txt,these,this,3,3,1095,DT,Positive,1,Body,Middle,False,False,False,NP,PP,0.5,0.4,skills-4,DT,these,these,skills,0.14984525969388995,Arg-I
192,../data/ArgumentAnnotatedEssays-2.0 2/data/brat-project-final/essay001.txt,skills,skill,3,4,1101,NNS,Positive,1,Body,Middle,False,False,False,S,NP,0.2,0.5,All-1,PP,IN,NP,benefit,0.11534865659079704,Arg-I
193,../data/ArgumentAnnotatedEssays-2.0 2/data/brat-project-final/essay001.txt,help,help,3,5,1108,VBP,Positive,1,Body,Middle,False,False,False,VP,S,0.4,0.2,help-5,ROOT,S,S,help,0.11534865659079704,Arg-I
194,../data/ArgumentAnnotatedEssays-2.0 2/data/brat-project-final/essay001.txt,them,they,3,6,1113,PRP,Positive,1,Body,Middle,False,False,False,VP,VP,0.4,0.4,help-5,NP,PRP,PRP,benefit,0.11534865659079704,Arg-I
195,../data/ArgumentAnnotatedEssays-2.0 2/data/brat-project-final/essay001.txt,to,to,3,7,1118,TO,Positive,1,Body,Middle,False,False,False,VP,VP,0.6,0.4,get-8,TO,to,to,get,0.11534865659079704,Arg-I
196,../data/ArgumentAnnotatedEssays-2.0 2/data/brat-project-final/essay001.txt,get,get,3,8,1121,VB,Positive,1,Body,Middle,False,False,False,VP,VP,0.7,0.6,help-5,S,VP,VP,benefit,0.11534865659079704,Arg-I
197,../data/ArgumentAnnotatedEssays-2.0 2/data/brat-project-final/essay001.txt,on,on,3,9,1125,RP,Positive,1,Body,Middle,False,False,False,VP,VP,0.7,0.7,get-8,PRT,RP,RP,get,0.11534865659079704,Arg-I
198,../data/ArgumentAnnotatedEssays-2.0 2/data/brat-project-final/essay001.txt,well,well,3,10,1128,RB,Positive,1,Body,Middle,False,False,False,VP,VP,0.7,0.7,get-8,ADVP,RB,RB,get,0.11534865659079704,Arg-I
199,../data/ArgumentAnnotatedEssays-2.0 2/data/brat-project-final/essay001.txt,with,with,3,11,1133,IN,Positive,1,Body,Middle,False,False,False,PP,VP,0.8,0.7,people-13,IN,with,with,people,0.11534865659079704,Arg-I
200,../data/ArgumentAnnotatedEssays-2.0 2/data/brat-project-final/essay001.txt,other,other,3,12,1138,JJ,Positive,1,Body,Middle,False,False,False,NP,PP,0.9,0.8,people-13,JJ,other,other,people,0.11534865659079704,Arg-I
201,../data/ArgumentAnnotatedEssays-2.0 2/data/brat-project-final/essay001.txt,people,person,3,13,1144,NNS,Positive,1,Body,Middle,False,False,False,VP,NP,0.3,0.9,get-8,PP,IN,NP,benefit,0.11534865659079704,Arg-I
202,../data/ArgumentAnnotatedEssays-2.0 2/data/brat-project-final/essay001.txt,and,and,3,14,1151,CC,Positive,1,Body,Middle,False,False,False,VP,VP,0.3,0.3,benefit-16,CC,and,and,benefit,0.11534865659079704,Arg-I
203,../data/ArgumentAnnotatedEssays-2.0 2/data/brat-project-final/essay001.txt,will,will,3,15,1155,MD,Positive,1,Body,Middle,False,False,False,VP,VP,0.4,0.3,benefit-16,MD,,,,0.11534865659079704,Arg-I
204,../data/ArgumentAnnotatedEssays-2.0 2/data/brat-project-final/essay001.txt,benefit,benefit,3,16,1160,VB,Positive,1,Body,Middle,False,False,False,VP,VP,0.4,0.4,help-5,VP,,,,0.11534865659079704,Arg-I
205,../data/ArgumentAnnotatedEssays-2.0 2/data/brat-project-final/essay001.txt,them,they,3,17,1168,PRP,Positive,1,Body,Middle,False,False,False,VP,VP,0.4,0.4,benefit-16,NP,PRP,PRP,benefit,0.11534865659079704,Arg-I
206,../data/ArgumentAnnotatedEssays-2.0 2/data/brat-project-final/essay001.txt,for,for,3,18,1173,IN,Positive,1,Body,Middle,False,False,False,PP,VP,0.6,0.4,life-21,IN,,,,0.11534865659079704,Arg-I
207,../data/ArgumentAnnotatedEssays-2.0 2/data/brat-project-final/essay001.txt,the,the,3,19,1177,DT,Positive,1,Body,Middle,False,False,False,NP,PP,0.7,0.6,life-21,DT,,,,0.11534865659079704,Arg-I
208,../data/ArgumentAnnotatedEssays-2.0 2/data/brat-project-final/essay001.txt,whole,whole,3,20,1181,JJ,Positive,1,Body,Middle,False,False,False,NP,NP,0.7,0.7,life-21,JJ,,,,0.11534865659079704,Arg-I
209,../data/ArgumentAnnotatedEssays-2.0 2/data/brat-project-final/essay001.txt,life,life,3,21,1187,NN,Positive,1,Body,Middle,False,False,True,S,NP,0.2,0.7,benefit-16,PP,,,,0.11534865659079704,Arg-I
210,../data/ArgumentAnnotatedEssays-2.0 2/data/brat-project-final/essay001.txt,.,.,3,22,1191,.,Positive,1,Body,Last,True,False,False,,S,-1.0,0.2,help-5,.,.,.,help,0.11534865659079704,O
211,../data/ArgumentAnnotatedEssays-2.0 2/data/brat-project-final/essay001.txt,On,on,0,1,1193,IN,Neutral,2,Body,First,False,True,False,PP,,0.23076923076923078,-1.0,hand-4,IN,On,On,hand,0.23787923555186608,O
212,../data/ArgumentAnnotatedEssays-2.0 2/data/brat-project-final/essay001.txt,the,the,0,2,1196,DT,Neutral,2,Body,Middle,False,False,False,NP,PP,0.3076923076923077,0.23076923076923078,hand-4,DT,the,the,victory,0.023969676496730506,O
213,../data/ArgumentAnnotatedEssays-2.0 2/data/brat-project-final/essay001.txt,other,other,0,3,1200,JJ,Neutral,2,Body,Middle,False,False,False,NP,NP,0.3076923076923077,0.3076923076923077,hand-4,JJ,other,other,hand,0.013305312577301626,O
214,../data/ArgumentAnnotatedEssays-2.0 2/data/brat-project-final/essay001.txt,hand,hand,0,4,1206,NN,Neutral,2,Body,Middle,False,False,True,S,NP,0.15384615384615385,0.3076923076923077,is-10,PP,IN,NP,gain,0.013305312577301626,O
215,../data/ArgumentAnnotatedEssays-2.0 2/data/brat-project-final/essay001.txt,",",",",0,5,1210,",",Neutral,2,Body,Middle,True,False,False,S,S,0.15384615384615385,0.15384615384615385,is-10,",",",",",",is,0.013305312577301626,O
216,../data/ArgumentAnnotatedEssays-2.0 2/data/brat-project-final/essay001.txt,the,the,0,6,1212,DT,Neutral,2,Body,Middle,False,True,False,S,S,0.15384615384615385,0.15384615384615385,significance-7,PP,IN,NP,gain,0.013305312577301626,Arg-B
217,../data/ArgumentAnnotatedEssays-2.0 2/data/brat-project-final/essay001.txt,significance,significance,0,7,1216,NN,Neutral,2,Body,Middle,False,False,False,NP,S,0.23076923076923078,0.15384615384615385,is-10,NP,NP,PP,significance,0.0476733683405093,Arg-I
218,../data/ArgumentAnnotatedEssays-2.0 2/data/brat-project-final/essay001.txt,of,of,0,8,1229,IN,Neutral,2,Body,Middle,False,False,False,PP,NP,0.3076923076923077,0.23076923076923078,competition-9,IN,of,of,competition,0.14984525969388995,Arg-I
219,../data/ArgumentAnnotatedEssays-2.0 2/data/brat-project-final/essay001.txt,competition,competition,0,9,1232,NN,Neutral,2,Body,Middle,False,False,False,S,PP,0.15384615384615385,0.3076923076923077,significance-7,PP,IN,NP,gain,0.11534865659079704,Arg-I
220,../data/ArgumentAnnotatedEssays-2.0 2/data/brat-project-final/essay001.txt,is,be,0,10,1244,VBZ,Neutral,2,Body,Middle,False,False,False,VP,S,0.23076923076923078,0.15384615384615385,is-10,ROOT,S,S,is,0.11534865659079704,Arg-I
221,../data/ArgumentAnnotatedEssays-2.0 2/data/brat-project-final/essay001.txt,that,that,0,11,1247,IN,Neutral,2,Body,Middle,False,False,False,SBAR,VP,0.3076923076923077,0.23076923076923078,become-14,IN,that,that,become,0.11534865659079704,Arg-I
222,../data/ArgumentAnnotatedEssays-2.0 2/data/brat-project-final/essay001.txt,how,how,0,12,1252,WRB,Neutral,2,Body,Middle,False,False,False,SBAR,SBAR,0.38461538461538464,0.3076923076923077,become-14,WHADVP,WRB,WRB,become,0.11534865659079704,Arg-I
223,../data/ArgumentAnnotatedEssays-2.0 2/data/brat-project-final/essay001.txt,to,to,0,13,1256,TO,Neutral,2,Body,Middle,False,False,False,VP,SBAR,0.5384615384615384,0.38461538461538464,become-14,TO,to,to,gain,0.11534865659079704,Arg-I
224,../data/ArgumentAnnotatedEssays-2.0 2/data/brat-project-final/essay001.txt,become,become,0,14,1259,VB,Neutral,2,Body,Middle,False,False,False,VP,VP,0.6153846153846154,0.5384615384615384,is-10,SBAR,IN,SBAR,gain,0.11534865659079704,Arg-I
225,../data/ArgumentAnnotatedEssays-2.0 2/data/brat-project-final/essay001.txt,more,more,0,15,1266,RBR,Neutral,2,Body,Middle,False,False,False,NP,VP,0.6923076923076923,0.6153846153846154,excellence-16,RBR,more,more,excellence,0.11534865659079704,Arg-I
226,../data/ArgumentAnnotatedEssays-2.0 2/data/brat-project-final/essay001.txt,excellence,excellence,0,16,1271,NN,Neutral,2,Body,Middle,False,False,False,VP,NP,0.5384615384615384,0.6923076923076923,become-14,NP,RBR,NN,gain,0.11534865659079704,Arg-I
227,../data/ArgumentAnnotatedEssays-2.0 2/data/brat-project-final/essay001.txt,to,to,0,17,1282,TO,Neutral,2,Body,Middle,False,False,False,VP,VP,0.5384615384615384,0.5384615384615384,gain-18,TO,to,to,gain,0.11534865659079704,Arg-I
228,../data/ArgumentAnnotatedEssays-2.0 2/data/brat-project-final/essay001.txt,gain,gain,0,18,1285,VB,Neutral,2,Body,Middle,False,False,False,S,VP,0.15384615384615385,0.5384615384615384,become-14,S,VP,VP,gain,0.11534865659079704,Arg-I
229,../data/ArgumentAnnotatedEssays-2.0 2/data/brat-project-final/essay001.txt,the,the,0,19,1290,DT,Neutral,2,Body,Middle,False,False,False,S,S,0.15384615384615385,0.15384615384615385,victory-20,PP,IN,NP,gain,0.11534865659079704,Arg-I
230,../data/ArgumentAnnotatedEssays-2.0 2/data/brat-project-final/essay001.txt,victory,victory,0,20,1294,NN,Neutral,2,Body,Middle,False,False,True,S,S,0.15384615384615385,0.15384615384615385,gain-18,NP,DT,NN,gain,0.11534865659079704,Arg-I
231,../data/ArgumentAnnotatedEssays-2.0 2/data/brat-project-final/essay001.txt,.,.,0,21,1301,.,Neutral,2,Body,Last,True,False,False,,S,-1.0,0.15384615384615385,is-10,.,.,.,is,0.11534865659079704,O
232,../data/ArgumentAnnotatedEssays-2.0 2/data/brat-project-final/essay001.txt,Hence,hence,1,1,1303,RB,Positive,2,Body,First,False,True,False,S,,0.2,-1.0,said-5,ADVP,RB,RB,said,0.23787923555186608,O
233,../data/ArgumentAnnotatedEssays-2.0 2/data/brat-project-final/essay001.txt,it,it,1,2,1309,PRP,Positive,2,Body,Middle,False,False,False,S,S,0.2,0.2,said-5,NP,PRP,PRP,said,0.023969676496730506,O
234,../data/ArgumentAnnotatedEssays-2.0 2/data/brat-project-final/essay001.txt,is,be,1,3,1312,VBZ,Positive,2,Body,Middle,False,False,False,VP,S,0.3,0.2,said-5,VBZ,is,is,said,0.013305312577301626,O
235,../data/ArgumentAnnotatedEssays-2.0 2/data/brat-project-final/essay001.txt,always,always,1,4,1315,RB,Positive,2,Body,Middle,False,False,False,VP,VP,0.3,0.3,said-5,ADVP,RB,RB,said,0.013305312577301626,O
236,../data/ArgumentAnnotatedEssays-2.0 2/data/brat-project-final/essay001.txt,said,say,1,5,1322,VBN,Positive,2,Body,Middle,False,False,False,VP,VP,0.4,0.3,said-5,ROOT,S,S,said,0.013305312577301626,O
237,../data/ArgumentAnnotatedEssays-2.0 2/data/brat-project-final/essay001.txt,that,that,1,6,1327,IN,Positive,2,Body,Middle,False,False,False,SBAR,VP,0.5,0.4,makes-8,IN,that,that,makes,0.013305312577301626,O
238,../data/ArgumentAnnotatedEssays-2.0 2/data/brat-project-final/essay001.txt,competition,competition,1,7,1332,NN,Positive,2,Body,Middle,False,False,False,S,SBAR,0.6,0.5,makes-8,NP,NN,NN,effective,0.013305312577301626,Arg-B
239,../data/ArgumentAnnotatedEssays-2.0 2/data/brat-project-final/essay001.txt,makes,make,1,8,1344,VBZ,Positive,2,Body,Middle,False,False,False,VP,S,0.7,0.6,said-5,SBAR,IN,S,said,0.0476733683405093,Arg-I
240,../data/ArgumentAnnotatedEssays-2.0 2/data/brat-project-final/essay001.txt,the,the,1,9,1350,DT,Positive,2,Body,Middle,False,False,False,NP,VP,0.9,0.7,society-10,DT,the,the,society,0.14984525969388995,Arg-I
241,../data/ArgumentAnnotatedEssays-2.0 2/data/brat-project-final/essay001.txt,society,society,1,10,1354,NN,Positive,2,Body,Middle,False,False,False,S,NP,0.8,0.9,effective-12,NP,DT,NN,effective,0.11534865659079704,Arg-I
242,../data/ArgumentAnnotatedEssays-2.0 2/data/brat-project-final/essay001.txt,more,more,1,11,1362,RBR,Positive,2,Body,Middle,False,False,False,ADJP,S,0.9,0.8,effective-12,RBR,more,more,effective,0.11534865659079704,Arg-I
243,../data/ArgumentAnnotatedEssays-2.0 2/data/brat-project-final/essay001.txt,effective,effective,1,12,1367,JJ,Positive,2,Body,Middle,False,False,True,S,ADJP,0.2,0.9,makes-8,S,NP,ADJP,makes,0.11534865659079704,Arg-I
244,../data/ArgumentAnnotatedEssays-2.0 2/data/brat-project-final/essay001.txt,.,.,1,13,1376,.,Positive,2,Body,Last,True,False,False,,S,-1.0,0.2,said-5,.,.,.,said,0.11534865659079704,O
245,../data/ArgumentAnnotatedEssays-2.0 2/data/brat-project-final/essay001.txt,However,however,2,1,1378,RB,Negative,2,Body,First,False,True,True,S,,0.16666666666666666,-1.0,find-18,ADVP,RB,RB,find,0.23787923555186608,O
246,../data/ArgumentAnnotatedEssays-2.0 2/data/brat-project-final/essay001.txt,",",",",2,2,1385,",",Negative,2,Body,Middle,True,False,False,S,S,0.16666666666666666,0.16666666666666666,find-18,",",",",",",find,0.023969676496730506,O
247,../data/ArgumentAnnotatedEssays-2.0 2/data/brat-project-final/essay001.txt,when,when,2,3,1387,WRB,Negative,2,Body,Middle,False,True,False,SBAR,S,0.25,0.16666666666666666,consider-5,WHADVP,WRB,WRB,win,0.013305312577301626,Arg-B
248,../data/ArgumentAnnotatedEssays-2.0 2/data/brat-project-final/essay001.txt,we,we,2,4,1392,PRP,Negative,2,Body,Middle,False,False,False,S,SBAR,0.3333333333333333,0.25,consider-5,NP,PRP,PRP,need,0.0476733683405093,Arg-I
249,../data/ArgumentAnnotatedEssays-2.0 2/data/brat-project-final/essay001.txt,consider,consider,2,5,1395,VBP,Negative,2,Body,Middle,False,False,False,VP,S,0.4166666666666667,0.3333333333333333,find-18,SBAR,WHADVP,S,find,0.14984525969388995,Arg-I
250,../data/ArgumentAnnotatedEssays-2.0 2/data/brat-project-final/essay001.txt,about,about,2,6,1404,IN,Negative,2,Body,Middle,False,False,False,PP,VP,0.5,0.4166666666666667,question-8,IN,about,about,question,0.11534865659079704,Arg-I
251,../data/ArgumentAnnotatedEssays-2.0 2/data/brat-project-final/essay001.txt,the,the,2,7,1410,DT,Negative,2,Body,Middle,False,False,False,NP,PP,0.5833333333333334,0.5,question-8,DT,the,the,cooperation,0.11534865659079704,Arg-I
252,../data/ArgumentAnnotatedEssays-2.0 2/data/brat-project-final/essay001.txt,question,question,2,8,1414,NN,Negative,2,Body,Middle,False,False,False,VP,NP,0.4166666666666667,0.5833333333333334,consider-5,PP,IN,NP,need,0.11534865659079704,Arg-I
253,../data/ArgumentAnnotatedEssays-2.0 2/data/brat-project-final/essay001.txt,that,that,2,9,1423,IN,Negative,2,Body,Middle,False,False,False,SBAR,VP,0.5,0.4166666666666667,win-12,IN,that,that,need,0.11534865659079704,Arg-I
254,../data/ArgumentAnnotatedEssays-2.0 2/data/brat-project-final/essay001.txt,how,how,2,10,1428,WRB,Negative,2,Body,Middle,False,False,False,SBAR,SBAR,0.5833333333333334,0.5,win-12,WHADVP,WRB,WRB,win,0.11534865659079704,Arg-I
255,../data/ArgumentAnnotatedEssays-2.0 2/data/brat-project-final/essay001.txt,to,to,2,11,1432,TO,Negative,2,Body,Middle,False,False,False,VP,SBAR,0.75,0.5833333333333334,win-12,TO,to,to,win,0.11534865659079704,Arg-I
256,../data/ArgumentAnnotatedEssays-2.0 2/data/brat-project-final/essay001.txt,win,win,2,12,1435,VB,Negative,2,Body,Middle,False,False,False,VP,VP,0.4166666666666667,0.75,consider-5,SBAR,IN,SBAR,need,0.11534865659079704,Arg-I
257,../data/ArgumentAnnotatedEssays-2.0 2/data/brat-project-final/essay001.txt,the,the,2,13,1439,DT,Negative,2,Body,Middle,False,False,False,VP,VP,0.4166666666666667,0.4166666666666667,game-14,PP,IN,NP,need,0.11534865659079704,Arg-I
258,../data/ArgumentAnnotatedEssays-2.0 2/data/brat-project-final/essay001.txt,game,game,2,14,1443,NN,Negative,2,Body,Middle,False,False,True,S,VP,0.16666666666666666,0.4166666666666667,win-12,NP,DT,NN,need,0.11534865659079704,Arg-I
259,../data/ArgumentAnnotatedEssays-2.0 2/data/brat-project-final/essay001.txt,",",",",2,15,1447,",",Negative,2,Body,Middle,True,False,False,S,S,0.16666666666666666,0.16666666666666666,find-18,",",",",",",find,0.11534865659079704,Arg-I
260,../data/ArgumentAnnotatedEssays-2.0 2/data/brat-project-final/essay001.txt,we,we,2,16,1449,PRP,Negative,2,Body,Middle,False,True,False,S,S,0.16666666666666666,0.16666666666666666,find-18,SBAR,WHADVP,S,find,0.11534865659079704,Arg-I
261,../data/ArgumentAnnotatedEssays-2.0 2/data/brat-project-final/essay001.txt,always,always,2,17,1452,RB,Negative,2,Body,Middle,False,False,False,S,S,0.16666666666666666,0.16666666666666666,find-18,ADVP,RB,RB,find,0.11534865659079704,Arg-I
262,../data/ArgumentAnnotatedEssays-2.0 2/data/brat-project-final/essay001.txt,find,find,2,18,1459,VBP,Negative,2,Body,Middle,False,False,False,S,S,0.16666666666666666,0.16666666666666666,find-18,ROOT,S,S,find,0.11534865659079704,Arg-I
263,../data/ArgumentAnnotatedEssays-2.0 2/data/brat-project-final/essay001.txt,that,that,2,19,1464,IN,Negative,2,Body,Middle,False,False,False,S,S,0.3333333333333333,0.16666666666666666,need-21,SBAR,WHADVP,S,find,0.11534865659079704,Arg-I
264,../data/ArgumentAnnotatedEssays-2.0 2/data/brat-project-final/essay001.txt,we,we,2,20,1469,PRP,Negative,2,Body,Middle,False,False,False,S,S,0.16666666666666666,0.3333333333333333,need-21,SBAR,WHADVP,S,find,0.11534865659079704,Arg-I
265,../data/ArgumentAnnotatedEssays-2.0 2/data/brat-project-final/essay001.txt,need,need,2,21,1472,VBP,Negative,2,Body,Middle,False,False,False,S,S,0.16666666666666666,0.16666666666666666,find-18,SBAR,IN,S,find,0.11534865659079704,Arg-I
266,../data/ArgumentAnnotatedEssays-2.0 2/data/brat-project-final/essay001.txt,the,the,2,22,1477,DT,Negative,2,Body,Middle,False,False,False,S,S,0.16666666666666666,0.16666666666666666,cooperation-23,SBAR,WHADVP,S,find,0.11534865659079704,Arg-I
267,../data/ArgumentAnnotatedEssays-2.0 2/data/brat-project-final/essay001.txt,cooperation,cooperation,2,23,1481,NN,Negative,2,Body,Middle,False,False,True,S,S,0.16666666666666666,0.16666666666666666,need-21,NP,DT,NN,need,0.11534865659079704,Arg-I
268,../data/ArgumentAnnotatedEssays-2.0 2/data/brat-project-final/essay001.txt,.,.,2,24,1492,.,Negative,2,Body,Last,True,False,False,,S,-1.0,0.16666666666666666,find-18,.,.,.,find,0.11534865659079704,O
269,../data/ArgumentAnnotatedEssays-2.0 2/data/brat-project-final/essay001.txt,The,the,3,1,1494,DT,Positive,2,Body,First,False,True,False,ADJP,,0.375,-1.0,greater-2,DT,The,The,greater,0.23787923555186608,O
270,../data/ArgumentAnnotatedEssays-2.0 2/data/brat-project-final/essay001.txt,greater,great,3,2,1498,JJR,Positive,2,Body,Middle,False,False,False,ADJP,ADJP,0.375,0.375,greater-2,ROOT,FRAG,FRAG,greater,0.023969676496730506,O
271,../data/ArgumentAnnotatedEssays-2.0 2/data/brat-project-final/essay001.txt,our,we,3,3,1506,PRP$,Positive,2,Body,Middle,False,False,False,NP,ADJP,0.75,0.375,goal-4,PRP$,our,our,goal,0.013305312577301626,O
272,../data/ArgumentAnnotatedEssays-2.0 2/data/brat-project-final/essay001.txt,goal,goal,3,4,1510,NN,Positive,2,Body,Middle,False,False,False,S,NP,0.625,0.75,competition-9,NP,PRP$,NN,greater,0.013305312577301626,O
273,../data/ArgumentAnnotatedEssays-2.0 2/data/brat-project-final/essay001.txt,is,be,3,5,1515,VBZ,Positive,2,Body,Middle,False,False,True,VP,S,0.75,0.625,competition-9,VBZ,is,is,competition,0.013305312577301626,O
274,../data/ArgumentAnnotatedEssays-2.0 2/data/brat-project-final/essay001.txt,",",",",3,6,1517,",",Positive,2,Body,Middle,True,False,False,VP,VP,0.75,0.75,competition-9,",",",",",",competition,0.013305312577301626,O
275,../data/ArgumentAnnotatedEssays-2.0 2/data/brat-project-final/essay001.txt,the,the,3,7,1519,DT,Positive,2,Body,Middle,False,True,False,NP,VP,0.875,0.75,competition-9,DT,the,the,competition,0.013305312577301626,O
276,../data/ArgumentAnnotatedEssays-2.0 2/data/brat-project-final/essay001.txt,more,more,3,8,1523,JJR,Positive,2,Body,Middle,False,False,False,NP,NP,0.875,0.875,competition-9,JJR,more,more,competition,0.013305312577301626,O
277,../data/ArgumentAnnotatedEssays-2.0 2/data/brat-project-final/essay001.txt,competition,competition,3,9,1528,NN,Positive,2,Body,Middle,False,False,False,FRAG,NP,0.25,0.875,greater-2,SBAR,S,S,greater,0.013305312577301626,O
278,../data/ArgumentAnnotatedEssays-2.0 2/data/brat-project-final/essay001.txt,we,we,3,10,1540,PRP,Positive,2,Body,Middle,False,False,False,S,FRAG,0.375,0.25,need-11,NP,PRP,PRP,need,0.013305312577301626,O
279,../data/ArgumentAnnotatedEssays-2.0 2/data/brat-project-final/essay001.txt,need,need,3,11,1543,VBP,Positive,2,Body,Middle,False,False,True,FRAG,S,0.25,0.375,greater-2,S,NP,VP,greater,0.013305312577301626,O
280,../data/ArgumentAnnotatedEssays-2.0 2/data/brat-project-final/essay001.txt,.,.,3,12,1547,.,Positive,2,Body,Last,True,False,False,,FRAG,-1.0,0.25,greater-2,.,.,.,greater,0.013305312577301626,O
281,../data/ArgumentAnnotatedEssays-2.0 2/data/brat-project-final/essay001.txt,Take,take,4,1,1549,VB,Neutral,2,Body,First,False,True,False,VP,,0.15384615384615385,-1.0,hard-15,S,VP,VP,charge,0.013305312577301626,Arg-B
282,../data/ArgumentAnnotatedEssays-2.0 2/data/brat-project-final/essay001.txt,Olympic,Olympic,4,2,1554,JJ,Neutral,2,Body,Middle,False,False,False,NP,VP,0.23076923076923078,0.15384615384615385,games-3,JJ,Olympic,Olympic,games,0.0476733683405093,Arg-I
283,../data/ArgumentAnnotatedEssays-2.0 2/data/brat-project-final/essay001.txt,games,game,4,3,1562,NNS,Neutral,2,Body,Middle,False,False,False,NP,NP,0.19230769230769232,0.23076923076923078,Take-1,NP,NP,SBAR,charge,0.14984525969388995,Arg-I
284,../data/ArgumentAnnotatedEssays-2.0 2/data/brat-project-final/essay001.txt,which,which,4,4,1568,WDT,Neutral,2,Body,Middle,False,False,False,SBAR,NP,0.23076923076923078,0.19230769230769232,form-7,WHNP,WDT,WDT,form,0.11534865659079704,Arg-I
285,../data/ArgumentAnnotatedEssays-2.0 2/data/brat-project-final/essay001.txt,is,be,4,5,1574,VBZ,Neutral,2,Body,Middle,False,False,False,VP,SBAR,0.3076923076923077,0.23076923076923078,form-7,VBZ,is,is,hard,0.11534865659079704,Arg-I
286,../data/ArgumentAnnotatedEssays-2.0 2/data/brat-project-final/essay001.txt,a,a,4,6,1577,DT,Neutral,2,Body,Middle,False,False,False,NP,VP,0.38461538461538464,0.3076923076923077,form-7,DT,a,a,form,0.11534865659079704,Arg-I
287,../data/ArgumentAnnotatedEssays-2.0 2/data/brat-project-final/essay001.txt,form,form,4,7,1579,NN,Neutral,2,Body,Middle,False,False,False,NP,NP,0.34615384615384615,0.38461538461538464,games-3,SBAR,WHNP,S,hard,0.11534865659079704,Arg-I
288,../data/ArgumentAnnotatedEssays-2.0 2/data/brat-project-final/essay001.txt,of,of,4,8,1584,IN,Neutral,2,Body,Middle,False,False,False,PP,NP,0.38461538461538464,0.34615384615384615,competition-9,IN,of,of,care,0.11534865659079704,Arg-I
289,../data/ArgumentAnnotatedEssays-2.0 2/data/brat-project-final/essay001.txt,competition,competition,4,9,1587,NN,Neutral,2,Body,Middle,False,False,False,NP,PP,0.4230769230769231,0.38461538461538464,form-7,PP,IN,NP,charge,0.11534865659079704,Arg-I
290,../data/ArgumentAnnotatedEssays-2.0 2/data/brat-project-final/essay001.txt,for,for,4,10,1599,IN,Neutral,2,Body,Middle,False,False,False,PP,NP,0.46153846153846156,0.4230769230769231,instance-11,IN,for,for,instance,0.11534865659079704,Arg-I
291,../data/ArgumentAnnotatedEssays-2.0 2/data/brat-project-final/essay001.txt,instance,instance,4,11,1603,NN,Neutral,2,Body,Middle,False,False,True,S,PP,0.07692307692307693,0.46153846153846156,competition-9,PP,IN,NP,charge,0.11534865659079704,Arg-I
292,../data/ArgumentAnnotatedEssays-2.0 2/data/brat-project-final/essay001.txt,",",",",4,12,1611,",",Neutral,2,Body,Middle,True,False,False,S,S,0.07692307692307693,0.07692307692307693,hard-15,",",",",",",help,0.11534865659079704,Arg-I
293,../data/ArgumentAnnotatedEssays-2.0 2/data/brat-project-final/essay001.txt,it,it,4,13,1613,PRP,Neutral,2,Body,Middle,False,True,False,S,S,0.07692307692307693,0.07692307692307693,hard-15,NP,PRP,PRP,hard,0.11534865659079704,Arg-I
294,../data/ArgumentAnnotatedEssays-2.0 2/data/brat-project-final/essay001.txt,is,be,4,14,1616,VBZ,Neutral,2,Body,Middle,False,False,False,S,S,0.07692307692307693,0.07692307692307693,hard-15,S,VP,VP,charge,0.11534865659079704,Arg-I
295,../data/ArgumentAnnotatedEssays-2.0 2/data/brat-project-final/essay001.txt,hard,hard,4,15,1619,JJ,Neutral,2,Body,Middle,False,False,False,ADJP,S,0.15384615384615385,0.07692307692307693,hard-15,ROOT,S,S,hard,0.11534865659079704,Arg-I
296,../data/ArgumentAnnotatedEssays-2.0 2/data/brat-project-final/essay001.txt,to,to,4,16,1624,TO,Neutral,2,Body,Middle,False,False,False,VP,ADJP,0.23076923076923078,0.15384615384615385,imagine-17,TO,to,to,imagine,0.11534865659079704,Arg-I
297,../data/ArgumentAnnotatedEssays-2.0 2/data/brat-project-final/essay001.txt,imagine,imagine,4,17,1627,VB,Neutral,2,Body,Middle,False,False,False,VP,VP,0.2692307692307692,0.23076923076923078,hard-15,S,VP,VP,charge,0.11534865659079704,Arg-I
298,../data/ArgumentAnnotatedEssays-2.0 2/data/brat-project-final/essay001.txt,how,how,4,18,1635,WRB,Neutral,2,Body,Middle,False,False,False,SBAR,VP,0.3076923076923077,0.2692307692307692,win-22,WHADVP,WRB,WRB,win,0.11534865659079704,Arg-I
299,../data/ArgumentAnnotatedEssays-2.0 2/data/brat-project-final/essay001.txt,an,a,4,19,1639,DT,Neutral,2,Body,Middle,False,False,False,NP,SBAR,0.38461538461538464,0.3076923076923077,athlete-20,DT,an,an,athlete,0.11534865659079704,Arg-I
300,../data/ArgumentAnnotatedEssays-2.0 2/data/brat-project-final/essay001.txt,athlete,athlete,4,20,1642,NN,Neutral,2,Body,Middle,False,False,False,S,NP,0.34615384615384615,0.38461538461538464,win-22,NP,DT,NN,charge,0.11534865659079704,Arg-I
301,../data/ArgumentAnnotatedEssays-2.0 2/data/brat-project-final/essay001.txt,could,could,4,21,1650,MD,Neutral,2,Body,Middle,False,False,False,VP,S,0.38461538461538464,0.34615384615384615,win-22,MD,could,could,win,0.11534865659079704,Arg-I
302,../data/ArgumentAnnotatedEssays-2.0 2/data/brat-project-final/essay001.txt,win,win,4,22,1656,VB,Neutral,2,Body,Middle,False,False,False,VP,VP,0.4230769230769231,0.38461538461538464,imagine-17,SBAR,WHADVP,S,hard,0.11534865659079704,Arg-I
303,../data/ArgumentAnnotatedEssays-2.0 2/data/brat-project-final/essay001.txt,the,the,4,23,1660,DT,Neutral,2,Body,Middle,False,False,False,NP,VP,0.46153846153846156,0.4230769230769231,game-24,DT,the,the,care,0.11534865659079704,Arg-I
304,../data/ArgumentAnnotatedEssays-2.0 2/data/brat-project-final/essay001.txt,game,game,4,24,1664,NN,Neutral,2,Body,Middle,False,False,False,VP,NP,0.4230769230769231,0.46153846153846156,win-22,NP,DT,NN,charge,0.11534865659079704,Arg-I
305,../data/ArgumentAnnotatedEssays-2.0 2/data/brat-project-final/essay001.txt,without,without,4,25,1669,IN,Neutral,2,Body,Middle,False,False,False,VP,VP,0.4230769230769231,0.4230769230769231,training-27,IN,without,without,training,0.11534865659079704,Arg-I
306,../data/ArgumentAnnotatedEssays-2.0 2/data/brat-project-final/essay001.txt,the,the,4,26,1677,DT,Neutral,2,Body,Middle,False,False,False,VP,VP,0.4230769230769231,0.4230769230769231,training-27,NP,DT,NN,charge,0.11534865659079704,Arg-I
307,../data/ArgumentAnnotatedEssays-2.0 2/data/brat-project-final/essay001.txt,training,training,4,27,1681,NN,Neutral,2,Body,Middle,False,False,False,S,VP,0.07692307692307693,0.4230769230769231,win-22,PP,IN,NP,charge,0.11534865659079704,Arg-I
308,../data/ArgumentAnnotatedEssays-2.0 2/data/brat-project-final/essay001.txt,of,of,4,28,1690,IN,Neutral,2,Body,Middle,False,False,False,S,S,0.07692307692307693,0.07692307692307693,coach-32,S,VP,VP,charge,0.11534865659079704,Arg-I
309,../data/ArgumentAnnotatedEssays-2.0 2/data/brat-project-final/essay001.txt,his,he,4,29,1693,PRP$,Neutral,2,Body,Middle,False,False,False,NP,S,0.6153846153846154,0.07692307692307693,coach-32,PRP$,his,his,diet,0.11534865659079704,Arg-I
310,../data/ArgumentAnnotatedEssays-2.0 2/data/brat-project-final/essay001.txt,or,or,4,30,1697,CC,Neutral,2,Body,Middle,False,False,False,NP,NP,0.6153846153846154,0.6153846153846154,her-31,CC,or,or,her,0.11534865659079704,Arg-I
311,../data/ArgumentAnnotatedEssays-2.0 2/data/brat-project-final/essay001.txt,her,she,4,31,1700,PRP$,Neutral,2,Body,Middle,False,False,False,NP,NP,0.6153846153846154,0.6153846153846154,his-29,her,,,,0.11534865659079704,Arg-I
312,../data/ArgumentAnnotatedEssays-2.0 2/data/brat-project-final/essay001.txt,coach,coach,4,32,1704,NN,Neutral,2,Body,Middle,False,False,True,S,NP,0.07692307692307693,0.6153846153846154,training-27,PP,IN,NP,charge,0.11534865659079704,Arg-I
313,../data/ArgumentAnnotatedEssays-2.0 2/data/brat-project-final/essay001.txt,",",",",4,33,1709,",",Neutral,2,Body,Middle,True,False,False,S,S,0.07692307692307693,0.07692307692307693,training-27,",",",",",",help,0.11534865659079704,Arg-I
314,../data/ArgumentAnnotatedEssays-2.0 2/data/brat-project-final/essay001.txt,and,and,4,34,1711,CC,Neutral,2,Body,Middle,False,True,False,VP,S,0.4230769230769231,0.07692307692307693,help-36,CC,and,and,those,0.11534865659079704,Arg-I
315,../data/ArgumentAnnotatedEssays-2.0 2/data/brat-project-final/essay001.txt,the,the,4,35,1715,DT,Neutral,2,Body,Middle,False,False,False,VP,VP,0.4230769230769231,0.4230769230769231,help-36,NP,DT,NN,charge,0.11534865659079704,Arg-I
316,../data/ArgumentAnnotatedEssays-2.0 2/data/brat-project-final/essay001.txt,help,help,4,36,1719,NN,Neutral,2,Body,Middle,False,False,False,S,VP,0.07692307692307693,0.4230769230769231,training-27,NP,,,,0.11534865659079704,Arg-I
317,../data/ArgumentAnnotatedEssays-2.0 2/data/brat-project-final/essay001.txt,of,of,4,37,1724,IN,Neutral,2,Body,Middle,False,False,False,S,S,0.07692307692307693,0.07692307692307693,staffs-40,S,VP,VP,charge,0.11534865659079704,Arg-I
318,../data/ArgumentAnnotatedEssays-2.0 2/data/brat-project-final/essay001.txt,other,other,4,38,1727,JJ,Neutral,2,Body,Middle,False,False,False,JJ,S,0.7307692307692307,0.07692307692307693,staffs-40,JJ,,,,0.11534865659079704,Arg-I
319,../data/ArgumentAnnotatedEssays-2.0 2/data/brat-project-final/essay001.txt,professional,professional,4,39,1733,JJ,Neutral,2,Body,Middle,False,False,False,NP,JJ,0.6923076923076923,0.7307692307692307,staffs-40,JJ,,,,0.11534865659079704,Arg-I
320,../data/ArgumentAnnotatedEssays-2.0 2/data/brat-project-final/essay001.txt,staffs,staff,4,40,1746,NNS,Neutral,2,Body,Middle,False,False,False,NP,NP,0.6538461538461539,0.6923076923076923,help-36,PP,,,,0.11534865659079704,Arg-I
321,../data/ArgumentAnnotatedEssays-2.0 2/data/brat-project-final/essay001.txt,such,such,4,41,1753,JJ,Neutral,2,Body,Middle,False,False,False,PP,NP,0.6923076923076923,0.6538461538461539,people-44,JJ,,,,0.11534865659079704,Arg-I
322,../data/ArgumentAnnotatedEssays-2.0 2/data/brat-project-final/essay001.txt,as,as,4,42,1758,IN,Neutral,2,Body,Middle,False,False,False,VP,PP,0.4230769230769231,0.6923076923076923,such-41,IN,,,,0.11534865659079704,Arg-I
323,../data/ArgumentAnnotatedEssays-2.0 2/data/brat-project-final/essay001.txt,the,the,4,43,1761,DT,Neutral,2,Body,Middle,False,False,False,VP,VP,0.4230769230769231,0.4230769230769231,people-44,NP,DT,NN,charge,0.11534865659079704,Arg-I
324,../data/ArgumentAnnotatedEssays-2.0 2/data/brat-project-final/essay001.txt,people,person,4,44,1765,NNS,Neutral,2,Body,Middle,False,False,False,NP,VP,0.7307692307692307,0.4230769230769231,staffs-40,PP,,,,0.11534865659079704,Arg-I
325,../data/ArgumentAnnotatedEssays-2.0 2/data/brat-project-final/essay001.txt,who,who,4,45,1772,WP,Neutral,2,Body,Middle,False,False,False,SBAR,NP,0.7692307692307693,0.7307692307692307,take-46,WHNP,,,,0.11534865659079704,Arg-I
326,../data/ArgumentAnnotatedEssays-2.0 2/data/brat-project-final/essay001.txt,take,take,4,46,1776,VBP,Neutral,2,Body,Middle,False,False,False,VP,SBAR,0.8461538461538461,0.7692307692307693,people-44,SBAR,,,,0.11534865659079704,Arg-I
327,../data/ArgumentAnnotatedEssays-2.0 2/data/brat-project-final/essay001.txt,care,care,4,47,1781,NN,Neutral,2,Body,Middle,False,False,False,S,VP,0.07692307692307693,0.8461538461538461,take-46,NP,,,,0.11534865659079704,Arg-I
328,../data/ArgumentAnnotatedEssays-2.0 2/data/brat-project-final/essay001.txt,of,of,4,48,1786,IN,Neutral,2,Body,Middle,False,False,False,S,S,0.07692307692307693,0.07692307692307693,diet-50,S,VP,VP,charge,0.11534865659079704,Arg-I
329,../data/ArgumentAnnotatedEssays-2.0 2/data/brat-project-final/essay001.txt,his,he,4,49,1789,PRP$,Neutral,2,Body,Middle,False,False,False,NP,S,0.5384615384615384,0.07692307692307693,diet-50,PP,IN,NP,charge,0.11534865659079704,Arg-I
330,../data/ArgumentAnnotatedEssays-2.0 2/data/brat-project-final/essay001.txt,diet,diet,4,50,1793,NN,Neutral,2,Body,Middle,False,False,True,S,NP,0.07692307692307693,0.5384615384615384,care-47,PP,,,,0.11534865659079704,Arg-I
331,../data/ArgumentAnnotatedEssays-2.0 2/data/brat-project-final/essay001.txt,",",",",4,51,1797,",",Neutral,2,Body,Middle,True,False,False,S,S,0.07692307692307693,0.07692307692307693,help-36,",",",",",",help,0.11534865659079704,Arg-I
332,../data/ArgumentAnnotatedEssays-2.0 2/data/brat-project-final/essay001.txt,and,and,4,52,1799,CC,Neutral,2,Body,Middle,False,True,False,NP,S,0.5,0.07692307692307693,those-53,CC,and,and,those,0.11534865659079704,Arg-I
333,../data/ArgumentAnnotatedEssays-2.0 2/data/brat-project-final/essay001.txt,those,that,4,53,1803,DT,Neutral,2,Body,Middle,False,False,False,NP,NP,0.5769230769230769,0.5,help-36,DT,,,,0.11534865659079704,Arg-I
334,../data/ArgumentAnnotatedEssays-2.0 2/data/brat-project-final/essay001.txt,who,who,4,54,1809,WP,Neutral,2,Body,Middle,False,False,False,NP,NP,0.5769230769230769,0.5769230769230769,charge-57,PP,,,,0.11534865659079704,Arg-I
335,../data/ArgumentAnnotatedEssays-2.0 2/data/brat-project-final/essay001.txt,are,be,4,55,1813,VBP,Neutral,2,Body,Middle,False,False,False,VP,NP,0.6923076923076923,0.5769230769230769,charge-57,VBP,,,,0.11534865659079704,Arg-I
336,../data/ArgumentAnnotatedEssays-2.0 2/data/brat-project-final/essay001.txt,in,in,4,56,1817,IN,Neutral,2,Body,Middle,False,False,False,PP,VP,0.7307692307692307,0.6923076923076923,charge-57,IN,,,,0.11534865659079704,Arg-I
337,../data/ArgumentAnnotatedEssays-2.0 2/data/brat-project-final/essay001.txt,charge,charge,4,57,1820,NN,Neutral,2,Body,Middle,False,False,False,S,PP,0.07692307692307693,0.7307692307692307,those-53,SBAR,,,,0.11534865659079704,Arg-I
338,../data/ArgumentAnnotatedEssays-2.0 2/data/brat-project-final/essay001.txt,of,of,4,58,1827,IN,Neutral,2,Body,Middle,False,False,False,S,S,0.07692307692307693,0.07692307692307693,care-61,S,VP,VP,charge,0.11534865659079704,Arg-I
339,../data/ArgumentAnnotatedEssays-2.0 2/data/brat-project-final/essay001.txt,the,the,4,59,1830,DT,Neutral,2,Body,Middle,False,False,False,VP,S,0.4230769230769231,0.07692307692307693,care-61,NP,DT,NN,charge,0.11534865659079704,Arg-I
340,../data/ArgumentAnnotatedEssays-2.0 2/data/brat-project-final/essay001.txt,medical,medical,4,60,1834,JJ,Neutral,2,Body,Middle,False,False,False,NP,VP,0.5769230769230769,0.4230769230769231,care-61,SBAR,,,,0.11534865659079704,Arg-I
341,../data/ArgumentAnnotatedEssays-2.0 2/data/brat-project-final/essay001.txt,care,care,4,61,1842,NN,Neutral,2,Body,Middle,False,False,True,S,NP,0.07692307692307693,0.5769230769230769,charge-57,PP,,,,0.11534865659079704,Arg-I
342,../data/ArgumentAnnotatedEssays-2.0 2/data/brat-project-final/essay001.txt,.,.,4,62,1846,.,Neutral,2,Body,Last,True,False,False,,S,-1.0,0.07692307692307693,hard-15,.,.,.,hard,0.11534865659079704,O
343,../data/ArgumentAnnotatedEssays-2.0 2/data/brat-project-final/essay001.txt,The,the,5,1,1848,DT,Positive,2,Body,First,False,True,False,NP,,0.5714285714285714,-1.0,winner-2,DT,The,The,winner,0.23787923555186608,O
344,../data/ArgumentAnnotatedEssays-2.0 2/data/brat-project-final/essay001.txt,winner,winner,5,2,1852,NN,Positive,2,Body,Middle,False,False,False,S,NP,0.42857142857142855,0.5714285714285714,athlete-5,NP,DT,NN,belongs,0.023969676496730506,O
345,../data/ArgumentAnnotatedEssays-2.0 2/data/brat-project-final/essay001.txt,is,be,5,3,1859,VBZ,Positive,2,Body,Middle,False,False,False,VP,S,0.5714285714285714,0.42857142857142855,athlete-5,VBZ,is,is,athlete,0.013305312577301626,O
346,../data/ArgumentAnnotatedEssays-2.0 2/data/brat-project-final/essay001.txt,the,the,5,4,1862,DT,Positive,2,Body,Middle,False,False,False,NP,VP,0.7142857142857143,0.5714285714285714,athlete-5,DT,the,the,team,0.013305312577301626,O
347,../data/ArgumentAnnotatedEssays-2.0 2/data/brat-project-final/essay001.txt,athlete,athlete,5,5,1866,NN,Positive,2,Body,Middle,False,False,False,S,NP,0.2857142857142857,0.7142857142857143,athlete-5,ROOT,S,S,athlete,0.013305312577301626,O
348,../data/ArgumentAnnotatedEssays-2.0 2/data/brat-project-final/essay001.txt,but,but,5,6,1874,CC,Positive,2,Body,Middle,False,False,False,S,S,0.2857142857142857,0.2857142857142857,belongs-9,CC,but,but,belongs,0.013305312577301626,O
349,../data/ArgumentAnnotatedEssays-2.0 2/data/brat-project-final/essay001.txt,the,the,5,7,1878,DT,Positive,2,Body,Middle,False,False,False,S,S,0.42857142857142855,0.2857142857142857,success-8,VP,VBZ,NP,belongs,0.013305312577301626,O
350,../data/ArgumentAnnotatedEssays-2.0 2/data/brat-project-final/essay001.txt,success,success,5,8,1882,NN,Positive,2,Body,Middle,False,False,False,S,S,0.42857142857142855,0.42857142857142855,belongs-9,NP,DT,NN,belongs,0.013305312577301626,O
351,../data/ArgumentAnnotatedEssays-2.0 2/data/brat-project-final/essay001.txt,belongs,belong,5,9,1890,VBZ,Positive,2,Body,Middle,False,False,False,VP,S,0.5714285714285714,0.42857142857142855,athlete-5,VBZ,is,is,athlete,0.013305312577301626,O
352,../data/ArgumentAnnotatedEssays-2.0 2/data/brat-project-final/essay001.txt,to,to,5,10,1898,IN,Positive,2,Body,Middle,False,False,False,VP,VP,0.5714285714285714,0.5714285714285714,team-13,IN,,,,0.013305312577301626,O
353,../data/ArgumentAnnotatedEssays-2.0 2/data/brat-project-final/essay001.txt,the,the,5,11,1901,DT,Positive,2,Body,Middle,False,False,False,VP,VP,0.5714285714285714,0.5714285714285714,team-13,NP,DT,NN,belongs,0.013305312577301626,O
354,../data/ArgumentAnnotatedEssays-2.0 2/data/brat-project-final/essay001.txt,whole,whole,5,12,1905,JJ,Positive,2,Body,Middle,False,False,False,NP,VP,0.8571428571428571,0.5714285714285714,team-13,JJ,,,,0.013305312577301626,O
355,../data/ArgumentAnnotatedEssays-2.0 2/data/brat-project-final/essay001.txt,team,team,5,13,1911,NN,Positive,2,Body,Middle,False,False,True,S,NP,0.2857142857142857,0.8571428571428571,belongs-9,PP,,,,0.013305312577301626,O
356,../data/ArgumentAnnotatedEssays-2.0 2/data/brat-project-final/essay001.txt,.,.,5,14,1915,.,Positive,2,Body,Last,True,False,False,,S,-1.0,0.2857142857142857,athlete-5,.,.,.,athlete,0.013305312577301626,O
357,../data/ArgumentAnnotatedEssays-2.0 2/data/brat-project-final/essay001.txt,Therefore,therefore,6,1,1917,RB,Negative,2,Body,First,False,True,False,PP,,0.375,-1.0,cooperation-4,ADVP,RB,RB,cooperation,0.013305312577301626,O
358,../data/ArgumentAnnotatedEssays-2.0 2/data/brat-project-final/essay001.txt,without,without,6,2,1927,IN,Negative,2,Body,Middle,False,False,False,PP,PP,0.375,0.375,cooperation-4,IN,without,without,cooperation,0.013305312577301626,Arg-B
359,../data/ArgumentAnnotatedEssays-2.0 2/data/brat-project-final/essay001.txt,the,the,6,3,1935,DT,Negative,2,Body,Middle,False,False,False,NP,PP,0.5,0.375,cooperation-4,DT,the,the,cooperation,0.0476733683405093,Arg-I
360,../data/ArgumentAnnotatedEssays-2.0 2/data/brat-project-final/essay001.txt,cooperation,cooperation,6,4,1939,NN,Negative,2,Body,Middle,False,False,True,S,NP,0.25,0.5,victory-10,PP,ADVP,NP,victory,0.14984525969388995,Arg-I
361,../data/ArgumentAnnotatedEssays-2.0 2/data/brat-project-final/essay001.txt,",",",",6,5,1950,",",Negative,2,Body,Middle,True,False,False,S,S,0.25,0.25,victory-10,",",",",",",victory,0.11534865659079704,Arg-I
362,../data/ArgumentAnnotatedEssays-2.0 2/data/brat-project-final/essay001.txt,there,there,6,6,1952,EX,Negative,2,Body,Middle,False,True,False,S,S,0.25,0.25,victory-10,NP,EX,EX,victory,0.11534865659079704,Arg-I
363,../data/ArgumentAnnotatedEssays-2.0 2/data/brat-project-final/essay001.txt,would,would,6,7,1958,MD,Negative,2,Body,Middle,False,False,False,VP,S,0.375,0.25,victory-10,MD,would,would,victory,0.11534865659079704,Arg-I
364,../data/ArgumentAnnotatedEssays-2.0 2/data/brat-project-final/essay001.txt,be,be,6,8,1964,VB,Negative,2,Body,Middle,False,False,False,VP,VP,0.5,0.375,victory-10,VB,be,be,victory,0.11534865659079704,Arg-I
365,../data/ArgumentAnnotatedEssays-2.0 2/data/brat-project-final/essay001.txt,no,no,6,9,1967,DT,Negative,2,Body,Middle,False,False,False,NP,VP,0.75,0.5,victory-10,DT,no,no,victory,0.11534865659079704,Arg-I
366,../data/ArgumentAnnotatedEssays-2.0 2/data/brat-project-final/essay001.txt,victory,victory,6,10,1970,NN,Negative,2,Body,Middle,False,False,False,NP,NP,0.625,0.75,victory-10,ROOT,S,S,victory,0.11534865659079704,Arg-I
367,../data/ArgumentAnnotatedEssays-2.0 2/data/brat-project-final/essay001.txt,of,of,6,11,1978,IN,Negative,2,Body,Middle,False,False,False,PP,NP,0.75,0.625,competition-12,IN,of,of,competition,0.11534865659079704,Arg-I
368,../data/ArgumentAnnotatedEssays-2.0 2/data/brat-project-final/essay001.txt,competition,competition,6,12,1981,NN,Negative,2,Body,Middle,False,False,True,S,PP,0.25,0.75,victory-10,PP,IN,NP,victory,0.11534865659079704,Arg-I
369,../data/ArgumentAnnotatedEssays-2.0 2/data/brat-project-final/essay001.txt,.,.,6,13,1992,.,Negative,2,Body,Last,True,False,False,,S,-1.0,0.25,victory-10,.,.,.,victory,0.11534865659079704,O
370,../data/ArgumentAnnotatedEssays-2.0 2/data/brat-project-final/essay001.txt,Consequently,consequently,0,1,1994,RB,Neutral,3,Conclusion,First,False,True,True,S,,0.16666666666666666,-1.0,receive-20,ADVP,RB,RB,receive,0.23787923555186608,O
371,../data/ArgumentAnnotatedEssays-2.0 2/data/brat-project-final/essay001.txt,",",",",0,2,2006,",",Neutral,3,Conclusion,Middle,True,False,False,S,S,0.16666666666666666,0.16666666666666666,receive-20,",",",",",",receive,0.023969676496730506,O
372,../data/ArgumentAnnotatedEssays-2.0 2/data/brat-project-final/essay001.txt,no,no,0,3,2008,RB,Neutral,3,Conclusion,Middle,False,True,False,RB,S,0.4166666666666667,0.16666666666666666,matter-4,no,,,,0.013305312577301626,O
373,../data/ArgumentAnnotatedEssays-2.0 2/data/brat-project-final/essay001.txt,matter,matter,0,4,2011,RB,Neutral,3,Conclusion,Middle,False,False,False,ADVP,RB,0.25,0.4166666666666667,receive-20,ADVP,RB,RB,receive,0.013305312577301626,O
374,../data/ArgumentAnnotatedEssays-2.0 2/data/brat-project-final/essay001.txt,from,from,0,5,2018,IN,Neutral,3,Conclusion,Middle,False,False,False,PP,ADVP,0.3333333333333333,0.25,view-7,IN,,,,0.013305312577301626,O
375,../data/ArgumentAnnotatedEssays-2.0 2/data/brat-project-final/essay001.txt,the,the,0,6,2023,DT,Neutral,3,Conclusion,Middle,False,False,False,NP,PP,0.5833333333333334,0.3333333333333333,view-7,DT,,,,0.013305312577301626,O
376,../data/ArgumentAnnotatedEssays-2.0 2/data/brat-project-final/essay001.txt,view,view,0,7,2027,NN,Neutral,3,Conclusion,Middle,False,False,False,NP,NP,0.5,0.5833333333333334,matter-4,PP,,,,0.013305312577301626,O
377,../data/ArgumentAnnotatedEssays-2.0 2/data/brat-project-final/essay001.txt,of,of,0,8,2032,IN,Neutral,3,Conclusion,Middle,False,False,False,PP,NP,0.5833333333333334,0.5,development-10,IN,,,,0.013305312577301626,O
378,../data/ArgumentAnnotatedEssays-2.0 2/data/brat-project-final/essay001.txt,individual,individual,0,9,2035,JJ,Neutral,3,Conclusion,Middle,False,False,False,NP,PP,0.6666666666666666,0.5833333333333334,development-10,JJ,,,,0.013305312577301626,O
379,../data/ArgumentAnnotatedEssays-2.0 2/data/brat-project-final/essay001.txt,development,development,0,10,2046,NN,Neutral,3,Conclusion,Middle,False,False,False,NP,NP,0.4166666666666667,0.6666666666666666,view-7,PP,,,,0.013305312577301626,O
380,../data/ArgumentAnnotatedEssays-2.0 2/data/brat-project-final/essay001.txt,or,or,0,11,2058,CC,Neutral,3,Conclusion,Middle,False,False,False,NP,NP,0.4166666666666667,0.4166666666666667,relationship-13,CC,,,,0.013305312577301626,O
381,../data/ArgumentAnnotatedEssays-2.0 2/data/brat-project-final/essay001.txt,the,the,0,12,2061,DT,Neutral,3,Conclusion,Middle,False,False,False,NP,NP,0.5833333333333334,0.4166666666666667,relationship-13,DT,,,,0.013305312577301626,O
382,../data/ArgumentAnnotatedEssays-2.0 2/data/brat-project-final/essay001.txt,relationship,relationship,0,13,2065,NN,Neutral,3,Conclusion,Middle,False,False,False,NP,NP,0.5,0.5833333333333334,view-7,relationship,,,,0.013305312577301626,O
383,../data/ArgumentAnnotatedEssays-2.0 2/data/brat-project-final/essay001.txt,between,between,0,14,2078,IN,Neutral,3,Conclusion,Middle,False,False,False,PP,NP,0.5833333333333334,0.5,competition-15,IN,,,,0.013305312577301626,O
384,../data/ArgumentAnnotatedEssays-2.0 2/data/brat-project-final/essay001.txt,competition,competition,0,15,2086,NN,Neutral,3,Conclusion,Middle,False,False,False,NP,PP,0.6666666666666666,0.5833333333333334,relationship-13,PP,,,,0.013305312577301626,O
385,../data/ArgumentAnnotatedEssays-2.0 2/data/brat-project-final/essay001.txt,and,and,0,16,2098,CC,Neutral,3,Conclusion,Middle,False,False,False,NP,NP,0.6666666666666666,0.6666666666666666,cooperation-17,CC,,,,0.013305312577301626,O
386,../data/ArgumentAnnotatedEssays-2.0 2/data/brat-project-final/essay001.txt,cooperation,cooperation,0,17,2102,NN,Neutral,3,Conclusion,Middle,False,False,False,S,NP,0.16666666666666666,0.6666666666666666,competition-15,cooperation,,,,0.013305312577301626,O
387,../data/ArgumentAnnotatedEssays-2.0 2/data/brat-project-final/essay001.txt,we,we,0,18,2114,PRP,Neutral,3,Conclusion,Middle,False,False,False,S,S,0.16666666666666666,0.16666666666666666,receive-20,NP,PRP,PRP,receive,0.013305312577301626,O
388,../data/ArgumentAnnotatedEssays-2.0 2/data/brat-project-final/essay001.txt,can,can,0,19,2117,MD,Neutral,3,Conclusion,Middle,False,False,False,VP,S,0.25,0.16666666666666666,receive-20,MD,can,can,receive,0.013305312577301626,O
389,../data/ArgumentAnnotatedEssays-2.0 2/data/brat-project-final/essay001.txt,receive,receive,0,20,2121,VB,Neutral,3,Conclusion,Middle,False,False,False,S,VP,0.16666666666666666,0.25,receive-20,ROOT,S,S,receive,0.013305312577301626,O
390,../data/ArgumentAnnotatedEssays-2.0 2/data/brat-project-final/essay001.txt,the,the,0,21,2129,DT,Neutral,3,Conclusion,Middle,False,False,False,S,S,0.16666666666666666,0.16666666666666666,conclusion-23,ADVP,RB,RB,receive,0.013305312577301626,O
391,../data/ArgumentAnnotatedEssays-2.0 2/data/brat-project-final/essay001.txt,same,same,0,22,2133,JJ,Neutral,3,Conclusion,Middle,False,False,False,NP,S,0.4166666666666667,0.16666666666666666,conclusion-23,JJ,same,same,conclusion,0.013305312577301626,O
392,../data/ArgumentAnnotatedEssays-2.0 2/data/brat-project-final/essay001.txt,conclusion,conclusion,0,23,2138,NN,Neutral,3,Conclusion,Middle,False,False,False,VP,NP,0.3333333333333333,0.4166666666666667,receive-20,NP,DT,NN,profitable,0.013305312577301626,O
393,../data/ArgumentAnnotatedEssays-2.0 2/data/brat-project-final/essay001.txt,that,that,0,24,2149,IN,Neutral,3,Conclusion,Middle,False,False,False,SBAR,VP,0.4166666666666667,0.3333333333333333,profitable-33,IN,that,that,profitable,0.013305312577301626,O
394,../data/ArgumentAnnotatedEssays-2.0 2/data/brat-project-final/essay001.txt,a,a,0,25,2154,DT,Neutral,3,Conclusion,Middle,False,False,False,NP,SBAR,0.6666666666666666,0.4166666666666667,attitudes-28,DT,a,a,attitudes,0.013305312577301626,Arg-B
395,../data/ArgumentAnnotatedEssays-2.0 2/data/brat-project-final/essay001.txt,more,more,0,26,2156,RBR,Neutral,3,Conclusion,Middle,False,False,False,ADJP,NP,0.75,0.6666666666666666,cooperative-27,RBR,more,more,profitable,0.0476733683405093,Arg-I
396,../data/ArgumentAnnotatedEssays-2.0 2/data/brat-project-final/essay001.txt,cooperative,cooperative,0,27,2161,JJ,Neutral,3,Conclusion,Middle,False,False,False,NP,ADJP,0.6666666666666666,0.75,attitudes-28,ADJP,RBR,JJ,receive,0.14984525969388995,Arg-I
397,../data/ArgumentAnnotatedEssays-2.0 2/data/brat-project-final/essay001.txt,attitudes,attitude,0,28,2173,NNS,Neutral,3,Conclusion,Middle,False,False,False,NP,NP,0.5833333333333334,0.6666666666666666,profitable-33,NP,NP,PP,profitable,0.11534865659079704,Arg-I
398,../data/ArgumentAnnotatedEssays-2.0 2/data/brat-project-final/essay001.txt,towards,towards,0,29,2183,IN,Neutral,3,Conclusion,Middle,False,False,False,PP,NP,0.6666666666666666,0.5833333333333334,life-30,IN,towards,towards,life,0.11534865659079704,Arg-I
399,../data/ArgumentAnnotatedEssays-2.0 2/data/brat-project-final/essay001.txt,life,life,0,30,2191,NN,Neutral,3,Conclusion,Middle,False,False,False,S,PP,0.5,0.6666666666666666,attitudes-28,PP,IN,NP,profitable,0.11534865659079704,Arg-I
400,../data/ArgumentAnnotatedEssays-2.0 2/data/brat-project-final/essay001.txt,is,be,0,31,2196,VBZ,Neutral,3,Conclusion,Middle,False,False,False,S,S,0.5,0.5,profitable-33,VBZ,is,is,profitable,0.11534865659079704,Arg-I
401,../data/ArgumentAnnotatedEssays-2.0 2/data/brat-project-final/essay001.txt,more,more,0,32,2199,RBR,Neutral,3,Conclusion,Middle,False,False,False,S,S,0.5,0.5,profitable-33,NP,NP,PP,profitable,0.11534865659079704,Arg-I
402,../data/ArgumentAnnotatedEssays-2.0 2/data/brat-project-final/essay001.txt,profitable,profitable,0,33,2204,JJ,Neutral,3,Conclusion,Middle,False,False,False,ADJP,S,0.6666666666666666,0.5,receive-20,SBAR,IN,S,receive,0.11534865659079704,Arg-I
403,../data/ArgumentAnnotatedEssays-2.0 2/data/brat-project-final/essay001.txt,in,in,0,34,2215,IN,Neutral,3,Conclusion,Middle,False,False,False,PP,ADJP,0.75,0.6666666666666666,success-37,IN,in,in,success,0.11534865659079704,Arg-I
404,../data/ArgumentAnnotatedEssays-2.0 2/data/brat-project-final/essay001.txt,one,one,0,35,2218,CD,Neutral,3,Conclusion,Middle,False,False,False,NP,PP,0.9166666666666666,0.75,success-37,NP,CD,POS,one,0.11534865659079704,Arg-I
405,../data/ArgumentAnnotatedEssays-2.0 2/data/brat-project-final/essay001.txt,'s,'s,0,36,2221,POS,Neutral,3,Conclusion,Middle,False,False,False,NP,NP,0.8333333333333334,0.9166666666666666,one-35,POS,'s,'s,one,0.11534865659079704,Arg-I
406,../data/ArgumentAnnotatedEssays-2.0 2/data/brat-project-final/essay001.txt,success,success,0,37,2224,NN,Neutral,3,Conclusion,Middle,False,False,True,S,NP,0.16666666666666666,0.8333333333333334,profitable-33,PP,IN,NP,profitable,0.11534865659079704,Arg-I
407,../data/ArgumentAnnotatedEssays-2.0 2/data/brat-project-final/essay001.txt,.,.,0,38,2231,.,Neutral,3,Conclusion,Last,True,False,False,,S,-1.0,0.16666666666666666,receive-20,.,.,.,receive,0.11534865659079704,O